SYMBOL,title
^NSEI,NIFTY 50
20MICRONS,20MICRONS: 20 Microns Limited
21STCENMGM,21STCENMGM: 21st Century Management Services Limited
360ONE,360ONE: 360 ONE WAM LIMITED
3IINFOLTD,3IINFOLTD: 3i Infotech Limited
3MINDIA,3MINDIA: 3M India Limited
3PLAND,3PLAND: 3P Land Holdings Limited
5PAISA,5PAISA: 5Paisa Capital Limited
63MOONS,63MOONS: 63 moons technologies limited
A2ZINFRA,A2ZINFRA: A2Z Infra Engineering Limited
AAATECH,AAATECH: AAA Technologies Limited
AADHARHFC,AADHARHFC: Aadhar Housing Finance Limited
AAKASH,AAKASH: Aakash Exploration Services Limited
AAREYDRUGS,AAREYDRUGS: Aarey Drugs & Pharmaceuticals Limited
AARON,AARON: Aaron Industries Limited
AARTECH,AARTECH: Aartech Solonics Limited
AARTIDRUGS,AARTIDRUGS: Aarti Drugs Limited
AARTIIND,AARTIIND: Aarti Industries Limited
AARTIPHARM,AARTIPHARM: Aarti Pharmalabs Limited
AARTISURF,AARTISURF: Aarti Surfactants Limited
AARVEEDEN,AARVEEDEN: Aarvee Denims & Exports Limited
AARVI,AARVI: Aarvi Encon Limited
AAVAS,AAVAS: Aavas Financiers Limited
ABAN,ABAN: Aban Offshore Limited
ABB,ABB: ABB India Limited
ABBOTINDIA,ABBOTINDIA: Abbott India Limited
ABCAPITAL,ABCAPITAL: Aditya Birla Capital Limited
ABDL,ABDL: Allied Blenders and Distillers Limited
ABFRL,ABFRL: Aditya Birla Fashion and Retail Limited
ABMINTLLTD,ABMINTLLTD: ABM International Limited
ABSLAMC,ABSLAMC: Aditya Birla Sun Life AMC Limited
ACC,ACC: ACC Limited
ACCELYA,ACCELYA: Accelya Solutions India Limited
ACCURACY,ACCURACY: Accuracy Shipping Limited
ACE,ACE: Action Construction Equipment Limited
ACEINTEG,ACEINTEG: Ace Integrated Solutions Limited
ACI,ACI: Archean Chemical Industries Limited
ACL,ACL: Andhra Cements Limited
ACLGATI,ACLGATI: Allcargo Gati Limited
ADANIENSOL,ADANIENSOL: Adani Energy Solutions Limited
ADANIENT,ADANIENT: Adani Enterprises Limited
ADANIGREEN,ADANIGREEN: Adani Green Energy Limited
ADANIPORTS,ADANIPORTS: Adani Ports and Special Economic Zone Limited
ADANIPOWER,ADANIPOWER: Adani Power Limited
ADFFOODS,ADFFOODS: ADF Foods Limited
ADL,ADL: Archidply Decor Limited
ADORWELD,ADORWELD: Ador Welding Limited
ADROITINFO,ADROITINFO: Adroit Infotech Limited
ADSL,ADSL: Allied Digital Services Limited
ADVANIHOTR,ADVANIHOTR: Advani Hotels & Resorts (India) Limited
ADVENZYMES,ADVENZYMES: Advanced Enzyme Technologies Limited
AEGISLOG,AEGISLOG: Aegis Logistics Limited
AEROFLEX,AEROFLEX: Aeroflex Industries Limited
AETHER,AETHER: Aether Industries Limited
AFFLE,AFFLE: Affle (India) Limited
AFIL,AFIL: Akme Fintrade (India) Limited
AGARIND,AGARIND: Agarwal Industrial Corporation Limited
AGI,AGI: AGI Greenpac Limited
AGIIL,AGIIL: Agi Infra Limited
AGRITECH,AGRITECH: Agri-Tech (India) Limited
AGROPHOS,AGROPHOS: Agro Phos India Limited
AGSTRA,AGSTRA: AGS Transact Technologies Limited
AHL,AHL: Abans Holdings Limited
AHLADA,AHLADA: Ahlada Engineers Limited
AHLEAST,AHLEAST: Asian Hotels (East) Limited
AHLUCONT,AHLUCONT: Ahluwalia Contracts (India) Limited
AIAENG,AIAENG: AIA Engineering Limited
AIIL,AIIL: Authum Investment & Infrastructure Limited
AIRAN,AIRAN: Airan Limited
AIROLAM,AIROLAM: Airo Lam limited
AJANTPHARM,AJANTPHARM: Ajanta Pharma Limited
AJMERA,AJMERA: Ajmera Realty & Infra India Limited
AJOONI,AJOONI: Ajooni Biotech Limited
AKASH,AKASH: Akash Infra-Projects Limited
AKG,AKG: Akg Exim Limited
AKI,AKI: AKI India Limited
AKSHAR,AKSHAR: Akshar Spintex Limited
AKSHARCHEM,AKSHARCHEM: AksharChem India Limited
AKSHOPTFBR,AKSHOPTFBR: Aksh Optifibre Limited
AKUMS,AKUMS: Akums Drugs and Pharmaceuticals Limited
AKZOINDIA,AKZOINDIA: Akzo Nobel India Limited
ALANKIT,ALANKIT: Alankit Limited
ALBERTDAVD,ALBERTDAVD: Albert David Limited
ALEMBICLTD,ALEMBICLTD: Alembic Limited
ALICON,ALICON: Alicon Castalloy Limited
ALKALI,ALKALI: Alkali Metals Limited
ALKEM,ALKEM: Alkem Laboratories Limited
ALKYLAMINE,ALKYLAMINE: Alkyl Amines Chemicals Limited
ALLCARGO,ALLCARGO: Allcargo Logistics Limited
ALLSEC,ALLSEC: Allsec Technologies Limited
ALMONDZ,ALMONDZ: Almondz Global Securities Limited
ALOKINDS,ALOKINDS: Alok Industries Limited
ALPA,ALPA: Alpa Laboratories Limited
ALPHAGEO,ALPHAGEO: Alphageo (India) Limited
ALPSINDUS,ALPSINDUS: Alps Industries Limited
AMBER,AMBER: Amber Enterprises India Limited
AMBICAAGAR,AMBICAAGAR: Ambica Agarbathies & Aroma industries Limited
AMBIKCO,AMBIKCO: Ambika Cotton Mills Limited
AMBUJACEM,AMBUJACEM: Ambuja Cements Limited
AMDIND,AMDIND: AMD Industries Limited
AMIORG,AMIORG: Ami Organics Limited
AMJLAND,AMJLAND: Amj Land Holdings Limited
AMNPLST,AMNPLST: Amines & Plasticizers Limited
AMRUTANJAN,AMRUTANJAN: Amrutanjan Health Care Limited
ANANDRATHI,ANANDRATHI: Anand Rathi Wealth Limited
ANANTRAJ,ANANTRAJ: Anant Raj Limited
ANDHRAPAP,ANDHRAPAP: ANDHRA PAPER LIMITED
ANDHRSUGAR,ANDHRSUGAR: The Andhra Sugars Limited
ANGELONE,ANGELONE: Angel One Limited
ANIKINDS,ANIKINDS: Anik Industries Limited
ANKITMETAL,ANKITMETAL: Ankit Metal & Power Limited
ANMOL,ANMOL: Anmol India Limited
ANSALAPI,ANSALAPI: Ansal Properties & Infrastructure Limited
ANTGRAPHIC,ANTGRAPHIC: Antarctica Limited
ANUP,ANUP: The Anup Engineering Limited
ANURAS,ANURAS: Anupam Rasayan India Limited
APARINDS,APARINDS: Apar Industries Limited
APCL,APCL: Anjani Portland Cement Limited
APCOTEXIND,APCOTEXIND: Apcotex Industries Limited
APEX,APEX: Apex Frozen Foods Limited
APLAPOLLO,APLAPOLLO: APL Apollo Tubes Limited
APLLTD,APLLTD: Alembic Pharmaceuticals Limited
APOLLO,APOLLO: Apollo Micro Systems Limited
APOLLOHOSP,APOLLOHOSP: Apollo Hospitals Enterprise Limited
APOLLOPIPE,APOLLOPIPE: Apollo Pipes Limited
APOLLOTYRE,APOLLOTYRE: Apollo Tyres Limited
APOLSINHOT,APOLSINHOT: Apollo Sindoori Hotels Limited
APTECHT,APTECHT: Aptech Limited
APTUS,APTUS: Aptus Value Housing Finance India Limited
ARCHIDPLY,ARCHIDPLY: Archidply Industries Limited
ARCHIES,ARCHIES: Archies Limited
ARE&M,ARE&M: Amara Raja Energy & Mobility Limited
ARENTERP,ARENTERP: Rajdarshan Industries Limited
ARIES,ARIES: Aries Agro Limited
ARIHANTCAP,ARIHANTCAP: Arihant Capital Markets Limited
ARIHANTSUP,ARIHANTSUP: Arihant Superstructures Limited
ARMANFIN,ARMANFIN: Arman Financial Services Limited
AROGRANITE,AROGRANITE: Aro Granite Industries Limited
ARROWGREEN,ARROWGREEN: Arrow Greentech Limited
ARSHIYA,ARSHIYA: Arshiya Limited
ARSSINFRA,ARSSINFRA: ARSS Infrastructure Projects Limited
ARTEMISMED,ARTEMISMED: Artemis Medicare Services Limited
ARTNIRMAN,ARTNIRMAN: Art Nirman Limited
ARVEE,ARVEE: Arvee Laboratories (India) Limited
ARVIND,ARVIND: Arvind Limited
ARVINDFASN,ARVINDFASN: Arvind Fashions Limited
ARVSMART,ARVSMART: Arvind SmartSpaces Limited
ASAHIINDIA,ASAHIINDIA: Asahi India Glass Limited
ASAHISONG,ASAHISONG: Asahi Songwon Colors Limited
ASAL,ASAL: Automotive Stampings and Assemblies Limited
ASALCBR,ASALCBR: Associated Alcohols & Breweries Ltd.
ASHAPURMIN,ASHAPURMIN: Ashapura Minechem Limited
ASHIANA,ASHIANA: Ashiana Housing Limited
ASHIMASYN,ASHIMASYN: Ashima Limited
ASHOKA,ASHOKA: Ashoka Buildcon Limited
ASHOKAMET,ASHOKAMET: Ashoka Metcast Limited
ASHOKLEY,ASHOKLEY: Ashok Leyland Limited
ASIANENE,ASIANENE: Asian Energy Services Limited
ASIANHOTNR,ASIANHOTNR: Asian Hotels (North) Limited
ASIANPAINT,ASIANPAINT: Asian Paints Limited
ASIANTILES,ASIANTILES: Asian Granito India Limited
ASKAUTOLTD,ASKAUTOLTD: ASK Automotive Limited
ASMS,ASMS: Bartronics India Limited
ASPINWALL,ASPINWALL: Aspinwall and Company Limited
ASTEC,ASTEC: Astec LifeSciences Limited
ASTERDM,ASTERDM: Aster DM Healthcare Limited
ASTRAL,ASTRAL: Astral Limited
ASTRAMICRO,ASTRAMICRO: Astra Microwave Products Limited
ASTRAZEN,ASTRAZEN: AstraZeneca Pharma India Limited
ASTRON,ASTRON: Astron Paper & Board Mill Limited
ATALREAL,ATALREAL: Atal Realtech Limited
ATAM,ATAM: Atam Valves Limited
ATFL,ATFL: Agro Tech Foods Limited
ATGL,ATGL: Adani Total Gas Limited
ATL,ATL: Allcargo Terminals Limited
ATLANTAA,ATLANTAA: ATLANTAA LIMITED
ATUL,ATUL: Atul Limited
ATULAUTO,ATULAUTO: Atul Auto Limited
AUBANK,AUBANK: AU Small Finance Bank Limited
AURIONPRO,AURIONPRO: Aurionpro Solutions Limited
AUROPHARMA,AUROPHARMA: Aurobindo Pharma Limited
AURUM,AURUM: Aurum PropTech Limited
AUSOMENT,AUSOMENT: Ausom Enterprise Limited
AUTOAXLES,AUTOAXLES: Automotive Axles Limited
AUTOIND,AUTOIND: Autoline Industries Limited
AVADHSUGAR,AVADHSUGAR: Avadh Sugar & Energy Limited
AVALON,AVALON: Avalon Technologies Limited
AVANTEL,AVANTEL: Avantel Limited
AVANTIFEED,AVANTIFEED: Avanti Feeds Limited
AVG,AVG: AVG Logistics Limited
AVONMORE,AVONMORE: Avonmore Capital & Management Services Limited
AVROIND,AVROIND: AVRO INDIA LIMITED
AVTNPL,AVTNPL: AVT Natural Products Limited
AWFIS,AWFIS: Awfis Space Solutions Limited
AWHCL,AWHCL: Antony Waste Handling Cell Limited
AWL,AWL: Adani Wilmar Limited
AXISBANK,AXISBANK: Axis Bank Limited
AXISCADES,AXISCADES: AXISCADES Technologies Limited
AXITA,AXITA: Axita Cotton Limited
AYMSYNTEX,AYMSYNTEX: AYM Syntex Limited
AZAD,AZAD: Azad Engineering Limited
BAFNAPH,BAFNAPH: Bafna Pharmaceuticals Limited
BAGFILMS,BAGFILMS: B.A.G Films and Media Limited
BAIDFIN,BAIDFIN: Baid Finserv Limited
BAJAJ-AUTO,BAJAJ-AUTO: Bajaj Auto Limited
BAJAJCON,BAJAJCON: Bajaj Consumer Care Limited
BAJAJELEC,BAJAJELEC: Bajaj Electricals Limited
BAJAJFINSV,BAJAJFINSV: Bajaj Finserv Limited
BAJAJHCARE,BAJAJHCARE: Bajaj Healthcare Limited
BAJAJHIND,BAJAJHIND: Bajaj Hindusthan Sugar Limited
BAJAJHLDNG,BAJAJHLDNG: Bajaj Holdings & Investment Limited
BAJEL,BAJEL: Bajel Projects Limited
BAJFINANCE,BAJFINANCE: Bajaj Finance Limited
BALAJITELE,BALAJITELE: Balaji Telefilms Limited
BALAMINES,BALAMINES: Balaji Amines Limited
BALAXI,BALAXI: BALAXI PHARMACEUTICALS LIMITED
BALKRISHNA,BALKRISHNA: Balkrishna Paper Mills Limited
BALKRISIND,BALKRISIND: Balkrishna Industries Limited
BALMLAWRIE,BALMLAWRIE: Balmer Lawrie & Company Limited
BALPHARMA,BALPHARMA: Bal Pharma Limited
BALRAMCHIN,BALRAMCHIN: Balrampur Chini Mills Limited
BALUFORGE,BALUFORGE: Balu Forge Industries Limited
BANARBEADS,BANARBEADS: Banaras Beads Limited
BANARISUG,BANARISUG: Bannari Amman Sugars Limited
BANCOINDIA,BANCOINDIA: Banco Products (I) Limited
BANDHANBNK,BANDHANBNK: Bandhan Bank Limited
BANG,BANG: Bang Overseas Limited
BANKA,BANKA: Banka BioLoo Limited
BANKBARODA,BANKBARODA: Bank of Baroda
BANKINDIA,BANKINDIA: Bank of India
BANSALWIRE,BANSALWIRE: Bansal Wire Industries Limited
BANSWRAS,BANSWRAS: Banswara Syntex Limited
BARBEQUE,BARBEQUE: Barbeque Nation Hospitality Limited
BASF,BASF: BASF India Limited
BASML,BASML: Bannari Amman Spinning Mills Limited
BATAINDIA,BATAINDIA: Bata India Limited
BAYERCROP,BAYERCROP: Bayer Cropscience Limited
BBL,BBL: Bharat Bijlee Limited
BBOX,BBOX: Black Box Limited
BBTC,BBTC: Bombay Burmah Trading Corporation Limited
BBTCL,BBTCL: B&B Triplewall Containers Limited
BCLIND,BCLIND: Bcl Industries Limited
BCONCEPTS,BCONCEPTS: Brand Concepts Limited
BDL,BDL: Bharat Dynamics Limited
BEARDSELL,BEARDSELL: Beardsell Limited
BECTORFOOD,BECTORFOOD: Mrs. Bectors Food Specialities Limited
BEDMUTHA,BEDMUTHA: Bedmutha Industries Limited
BEL,BEL: Bharat Electronics Limited
BEML,BEML: BEML Limited
BEPL,BEPL: Bhansali Engineering Polymers Limited
BERGEPAINT,BERGEPAINT: Berger Paints (I) Limited
BESTAGRO,BESTAGRO: Best Agrolife Limited
BFINVEST,BFINVEST: BF Investment Limited
BFUTILITIE,BFUTILITIE: BF Utilities Limited
BGRENERGY,BGRENERGY: BGR Energy Systems Limited
BHAGCHEM,BHAGCHEM: Bhagiradha Chemicals & Industries Limited
BHAGERIA,BHAGERIA: Bhageria Industries Limited
BHAGYANGR,BHAGYANGR: Bhagyanagar India Limited
BHANDARI,BHANDARI: Bhandari Hosiery Exports Limited
BHARATFORG,BHARATFORG: Bharat Forge Limited
BHARATGEAR,BHARATGEAR: Bharat Gears Limited
BHARATRAS,BHARATRAS: Bharat Rasayan Limited
BHARATWIRE,BHARATWIRE: Bharat Wire Ropes Limited
BHARTIARTL,BHARTIARTL: Bharti Airtel Limited
BHARTIHEXA,BHARTIHEXA: Bharti Hexacom Limited
BHEL,BHEL: Bharat Heavy Electricals Limited
BIGBLOC,BIGBLOC: Bigbloc Construction Limited
BIKAJI,BIKAJI: Bikaji Foods International Limited
BIL,BIL: Bhartiya International Limited
BINANIIND,BINANIIND: Binani Industries Limited
BIOCON,BIOCON: Biocon Limited
BIOFILCHEM,BIOFILCHEM: Biofil Chemicals & Pharmaceuticals Limited
BIRLACABLE,BIRLACABLE: Birla Cable Limited
BIRLACORPN,BIRLACORPN: Birla Corporation Limited
BIRLAMONEY,BIRLAMONEY: Aditya Birla Money Limited
BLAL,BLAL: BEML Land Assets Limited
BLBLIMITED,BLBLIMITED: BLB Limited
BLISSGVS,BLISSGVS: Bliss GVS Pharma Limited
BLKASHYAP,BLKASHYAP: B. L. Kashyap and Sons Limited
BLS,BLS: BLS International Services Limited
BLSE,BLSE: BLS E-Services Limited
BLUECHIP,BLUECHIP: Blue Chip India Limited
BLUEDART,BLUEDART: Blue Dart Express Limited
BLUEJET,BLUEJET: Blue Jet Healthcare Limited
BLUESTARCO,BLUESTARCO: Blue Star Limited
BODALCHEM,BODALCHEM: Bodal Chemicals Limited
BOMDYEING,BOMDYEING: Bombay Dyeing & Mfg Company Limited
BOROLTD,BOROLTD: Borosil Limited
BORORENEW,BORORENEW: BOROSIL RENEWABLES LIMITED
BOROSCI,BOROSCI: Borosil Scientific Limited
BOSCHLTD,BOSCHLTD: Bosch Limited
BPCL,BPCL: Bharat Petroleum Corporation Limited
BPL,BPL: BPL Limited
BRIGADE,BRIGADE: Brigade Enterprises Limited
BRITANNIA,BRITANNIA: Britannia Industries Limited
BRNL,BRNL: Bharat Road Network Limited
BROOKS,BROOKS: Brooks Laboratories Limited
BSE,BSE: BSE Limited
BSHSL,BSHSL: Bombay Super Hybrid Seeds Limited
BSL,BSL: BSL Limited
BSOFT,BSOFT: BIRLASOFT LIMITED
BTML,BTML: Bodhi Tree Multimedia Limited
BURNPUR,BURNPUR: Burnpur Cement Limited
BUTTERFLY,BUTTERFLY: Butterfly Gandhimathi Appliances Limited
BVCL,BVCL: Barak Valley Cements Limited
BYKE,BYKE: The Byke Hospitality Ltd
CALSOFT,CALSOFT: California Software Company Limited
CAMLINFINE,CAMLINFINE: Camlin Fine Sciences Limited
CAMPUS,CAMPUS: Campus Activewear Limited
CAMS,CAMS: Computer Age Management Services Limited
CANBK,CANBK: Canara Bank
CANFINHOME,CANFINHOME: Can Fin Homes Limited
CANTABIL,CANTABIL: Cantabil Retail India Limited
CAPACITE,CAPACITE: Capacit'e Infraprojects Limited
CAPITALSFB,CAPITALSFB: Capital Small Finance Bank Limited
CAPLIPOINT,CAPLIPOINT: Caplin Point Laboratories Limited
CAPTRUST,CAPTRUST: Capital Trust Limited
CARBORUNIV,CARBORUNIV: Carborundum Universal Limited
CAREERP,CAREERP: Career Point Limited
CARERATING,CARERATING: CARE Ratings Limited
CARTRADE,CARTRADE: Cartrade Tech Limited
CARYSIL,CARYSIL: CARYSIL LIMITED
CASTROLIND,CASTROLIND: Castrol India Limited
CCHHL,CCHHL: Country Club Hospitality & Holidays Limited
CCL,CCL: CCL Products (India) Limited
CDSL,CDSL: Central Depository Services (India) Limited
CEATLTD,CEATLTD: CEAT Limited
CELEBRITY,CELEBRITY: Celebrity Fashions Limited
CELLO,CELLO: Cello World Limited
CENTENKA,CENTENKA: Century Enka Limited
CENTEXT,CENTEXT: Century Extrusions Limited
CENTRALBK,CENTRALBK: Central Bank of India
CENTRUM,CENTRUM: Centrum Capital Limited
CENTUM,CENTUM: Centum Electronics Limited
CENTURYPLY,CENTURYPLY: Century Plyboards (India) Limited
CENTURYTEX,CENTURYTEX: Century Textiles & Industries Limited
CERA,CERA: Cera Sanitaryware Limited
CEREBRAINT,CEREBRAINT: Cerebra Integrated Technologies Limited
CESC,CESC: CESC Limited
CGCL,CGCL: Capri Global Capital Limited
CGPOWER,CGPOWER: CG Power and Industrial Solutions Limited
CHALET,CHALET: Chalet Hotels Limited
CHAMBLFERT,CHAMBLFERT: Chambal Fertilizers & Chemicals Limited
CHEMBOND,CHEMBOND: Chembond Chemicals Ltd
CHEMCON,CHEMCON: Chemcon Speciality Chemicals Limited
CHEMFAB,CHEMFAB: Chemfab Alkalis Limited
CHEMPLASTS,CHEMPLASTS: Chemplast Sanmar Limited
CHENNPETRO,CHENNPETRO: Chennai Petroleum Corporation Limited
CHEVIOT,CHEVIOT: Cheviot Company Limited
CHOICEIN,CHOICEIN: Choice International Limited
CHOLAFIN,CHOLAFIN: Cholamandalam Investment and Finance Company Limited
CHOLAHLDNG,CHOLAHLDNG: Cholamandalam Financial Holdings Limited
CIEINDIA,CIEINDIA: CIE Automotive India Limited
CIGNITITEC,CIGNITITEC: Cigniti Technologies Limited
CINELINE,CINELINE: Cineline India Limited
CINEVISTA,CINEVISTA: Cinevista Limited
CIPLA,CIPLA: Cipla Limited
CLEAN,CLEAN: Clean Science and Technology Limited
CLEDUCATE,CLEDUCATE: CL Educate Limited
CLSEL,CLSEL: Chaman Lal Setia Exports Limited
CMSINFO,CMSINFO: CMS Info Systems Limited
COALINDIA,COALINDIA: Coal India Limited
COASTCORP,COASTCORP: Coastal Corporation Limited
COCHINSHIP,COCHINSHIP: Cochin Shipyard Limited
COFFEEDAY,COFFEEDAY: Coffee Day Enterprises Limited
COFORGE,COFORGE: Coforge Limited
COLPAL,COLPAL: Colgate Palmolive (India) Limited
COMPINFO,COMPINFO: Compuage Infocom Limited
COMPUSOFT,COMPUSOFT: Compucom Software Limited
COMSYN,COMSYN: Commercial Syn Bags Limited
CONCOR,CONCOR: Container Corporation of India Limited
CONCORDBIO,CONCORDBIO: Concord Biotech Limited
CONFIPET,CONFIPET: Confidence Petroleum India Limited
CONSOFINVT,CONSOFINVT: Consolidated Finvest & Holdings Limited
CONTROLPR,CONTROLPR: Control Print Limited
CORALFINAC,CORALFINAC: Coral India Finance & Housing Limited
CORDSCABLE,CORDSCABLE: Cords Cable Industries Limited
COROMANDEL,COROMANDEL: Coromandel International Limited
COSMOFIRST,COSMOFIRST: COSMO FIRST LIMITED
COUNCODOS,COUNCODOS: Country Condo's Limited
CRAFTSMAN,CRAFTSMAN: Craftsman Automation Limited
CREATIVE,CREATIVE: Creative Newtech Limited
CREATIVEYE,CREATIVEYE: Creative Eye Limited
CREDITACC,CREDITACC: CREDITACCESS GRAMEEN LIMITED
CREST,CREST: Crest Ventures Limited
CRISIL,CRISIL: CRISIL Limited
CROMPTON,CROMPTON: Crompton Greaves Consumer Electricals Limited
CROWN,CROWN: Crown Lifters Limited
CSBBANK,CSBBANK: CSB Bank Limited
CSLFINANCE,CSLFINANCE: CSL Finance Limited
CTE,CTE: Cambridge Technology Enterprises Limited
CUB,CUB: City Union Bank Limited
CUBEXTUB,CUBEXTUB: Cubex Tubings Limited
CUMMINSIND,CUMMINSIND: Cummins India Limited
CUPID,CUPID: Cupid Limited
CYBERMEDIA,CYBERMEDIA: Cyber Media (India) Limited
CYBERTECH,CYBERTECH: Cybertech Systems And Software Limited
CYIENT,CYIENT: Cyient Limited
CYIENTDLM,CYIENTDLM: Cyient DLM Limited
DABUR,DABUR: Dabur India Limited
DALBHARAT,DALBHARAT: Dalmia Bharat Limited
DALMIASUG,DALMIASUG: Dalmia Bharat Sugar and Industries Limited
DAMODARIND,DAMODARIND: Damodar Industries Limited
DANGEE,DANGEE: Dangee Dums Limited
DATAMATICS,DATAMATICS: Datamatics Global Services Limited
DATAPATTNS,DATAPATTNS: Data Patterns (India) Limited
DAVANGERE,DAVANGERE: Davangere Sugar Company Limited
DBCORP,DBCORP: D.B.Corp Limited
DBL,DBL: Dilip Buildcon Limited
DBOL,DBOL: Dhampur Bio Organics Limited
DBREALTY,DBREALTY: Valor Estate Limited
DBSTOCKBRO,DBSTOCKBRO: DB (International) Stock Brokers Limited
DCAL,DCAL: Dishman Carbogen Amcis Limited
DCBBANK,DCBBANK: DCB Bank Limited
DCI,DCI: Dc Infotech And Communication Limited
DCM,DCM: DCM  Limited
DCMFINSERV,DCMFINSERV: DCM Financial Services Limited
DCMNVL,DCMNVL: DCM Nouvelle Limited
DCMSHRIRAM,DCMSHRIRAM: DCM Shriram Limited
DCMSRIND,DCMSRIND: DCM Shriram Industries Limited
DCW,DCW: DCW Limited
DCXINDIA,DCXINDIA: DCX Systems Limited
DECCANCE,DECCANCE: Deccan Cements Limited
DEEDEV,DEEDEV: DEE Development Engineers Limited
DEEPAKFERT,DEEPAKFERT: Deepak Fertilizers and Petrochemicals Corporation Limited
DEEPAKNTR,DEEPAKNTR: Deepak Nitrite Limited
DEEPENR,DEEPENR: DEEP ENERGY RESOURCES LIMITED
DEEPINDS,DEEPINDS: Deep Industries Limited
DELHIVERY,DELHIVERY: Delhivery Limited
DELPHIFX,DELPHIFX: DELPHI WORLD MONEY LIMITED
DELTACORP,DELTACORP: Delta Corp Limited
DELTAMAGNT,DELTAMAGNT: Delta Manufacturing Limited
DEN,DEN: Den Networks Limited
DENORA,DENORA: De Nora India Limited
DEVIT,DEVIT: Dev Information Technology Limited
DEVYANI,DEVYANI: Devyani International Limited
DGCONTENT,DGCONTENT: Digicontent Limited
DHAMPURSUG,DHAMPURSUG: Dhampur Sugar Mills Limited
DHANBANK,DHANBANK: Dhanlaxmi Bank Limited
DHANI,DHANI: Dhani Services Limited
DHANUKA,DHANUKA: Dhanuka Agritech Limited
DHARMAJ,DHARMAJ: Dharmaj Crop Guard Limited
DHRUV,DHRUV: Dhruv Consultancy Services Limited
DHUNINV,DHUNINV: Dhunseri Investments Limited
DIACABS,DIACABS: Diamond Power Infrastructure Limited
DIAMINESQ,DIAMINESQ: Diamines & Chemicals Limited
DIAMONDYD,DIAMONDYD: Prataap Snacks Limited
DICIND,DICIND: DIC India Limited
DIGIDRIVE,DIGIDRIVE: Digidrive Distributors Limited
DIGISPICE,DIGISPICE: DiGiSPICE Technologies Limited
DIGJAMLMTD,DIGJAMLMTD: Digjam Limited
DIL,DIL: Debock Industries Limited
DISHTV,DISHTV: Dish TV India Limited
DIVGIITTS,DIVGIITTS: Divgi Torqtransfer Systems Limited
DIVISLAB,DIVISLAB: Divi's Laboratories Limited
DIXON,DIXON: Dixon Technologies (India) Limited
DJML,DJML: DJ Mediaprint & Logistics Limited
DLF,DLF: DLF Limited
DLINKINDIA,DLINKINDIA: D-Link (India) Limited
DMART,DMART: Avenue Supermarts Limited
DMCC,DMCC: DMCC SPECIALITY CHEMICALS LIMITED
DNAMEDIA,DNAMEDIA: Diligent Media Corporation Limited
DODLA,DODLA: Dodla Dairy Limited
DOLATALGO,DOLATALGO: Dolat Algotech Limited
DOLLAR,DOLLAR: Dollar Industries Limited
DOLPHIN,DOLPHIN: Dolphin Offshore Enterprises (India) Limited
DOMS,DOMS: DOMS Industries Limited
DONEAR,DONEAR: Donear Industries Limited
DPABHUSHAN,DPABHUSHAN: D. P. Abhushan Limited
DPSCLTD,DPSCLTD: DPSC Limited
DPWIRES,DPWIRES: D P Wires Limited
DRCSYSTEMS,DRCSYSTEMS: DRC Systems India Limited
DREAMFOLKS,DREAMFOLKS: Dreamfolks Services Limited
DREDGECORP,DREDGECORP: Dredging Corporation of India Limited
DRREDDY,DRREDDY: Dr. Reddy's Laboratories Limited
DSSL,DSSL: Dynacons Systems & Solutions Limited
DTIL,DTIL: Dhunseri Tea & Industries Limited
DUCON,DUCON: Ducon Infratechnologies Limited
DVL,DVL: Dhunseri Ventures Limited
DWARKESH,DWARKESH: Dwarikesh Sugar Industries Limited
DYCL,DYCL: Dynamic Cables Limited
DYNAMATECH,DYNAMATECH: Dynamatic Technologies Limited
DYNPRO,DYNPRO: Dynemic Products Limited
E2E,E2E: E2E Networks Limited
EASEMYTRIP,EASEMYTRIP: Easy Trip Planners Limited
ECLERX,ECLERX: eClerx Services Limited
EDELWEISS,EDELWEISS: Edelweiss Financial Services Limited
EICHERMOT,EICHERMOT: Eicher Motors Limited
EIDPARRY,EIDPARRY: EID Parry India Limited
EIFFL,EIFFL: Euro India Fresh Foods Limited
EIHAHOTELS,EIHAHOTELS: EIH Associated Hotels Limited
EIHOTEL,EIHOTEL: EIH Limited
EIMCOELECO,EIMCOELECO: Eimco Elecon (India) Limited
EKC,EKC: Everest Kanto Cylinder Limited
ELDEHSG,ELDEHSG: Eldeco Housing And Industries Limited
ELECON,ELECON: Elecon Engineering Company Limited
ELECTCAST,ELECTCAST: Electrosteel Castings Limited
ELECTHERM,ELECTHERM: Electrotherm (India) Limited
ELGIEQUIP,ELGIEQUIP: Elgi Equipments Limited
ELGIRUBCO,ELGIRUBCO: Elgi Rubber Company Limited
ELIN,ELIN: Elin Electronics Limited
EMAMILTD,EMAMILTD: Emami Limited
EMAMIPAP,EMAMIPAP: Emami Paper Mills Limited
EMAMIREAL,EMAMIREAL: Emami Realty Limited
EMBDL,EMBDL: Equinox India Developments Limited
EMCURE,EMCURE: Emcure Pharmaceuticals Limited
EMIL,EMIL: Electronics Mart India Limited
EMKAY,EMKAY: Emkay Global Financial Services Limited
EMMBI,EMMBI: Emmbi Industries Limited
EMSLIMITED,EMSLIMITED: EMS Limited
EMUDHRA,EMUDHRA: eMudhra Limited
ENDURANCE,ENDURANCE: Endurance Technologies Limited
ENERGYDEV,ENERGYDEV: Energy Development Company Limited
ENGINERSIN,ENGINERSIN: Engineers India Limited
ENIL,ENIL: Entertainment Network (India) Limited
ENTERO,ENTERO: Entero Healthcare Solutions Limited
EPACK,EPACK: EPACK Durable Limited
EPIGRAL,EPIGRAL: Epigral Limited
EPL,EPL: EPL Limited
EQUIPPP,EQUIPPP: Equippp Social Impact Technologies Limited
EQUITASBNK,EQUITASBNK: Equitas Small Finance Bank Limited
ERIS,ERIS: Eris Lifesciences Limited
EROSMEDIA,EROSMEDIA: Eros International Media Limited
ESABINDIA,ESABINDIA: Esab India Limited
ESAFSFB,ESAFSFB: ESAF Small Finance Bank Limited
ESCORTS,ESCORTS: Escorts Kubota Limited
ESSARSHPNG,ESSARSHPNG: Essar Shipping Limited
ESSENTIA,ESSENTIA: Integra Essentia Limited
ESTER,ESTER: Ester Industries Limited
ETHOSLTD,ETHOSLTD: Ethos Limited
EUROTEXIND,EUROTEXIND: Eurotex Industries and Exports Limited
EVEREADY,EVEREADY: Eveready Industries India Limited
EVERESTIND,EVERESTIND: Everest Industries Limited
EXCEL,EXCEL: Excel Realty N Infra Limited
EXCELINDUS,EXCELINDUS: Excel Industries Limited
EXICOM,EXICOM: Exicom Tele-Systems Limited
EXIDEIND,EXIDEIND: Exide Industries Limited
EXPLEOSOL,EXPLEOSOL: Expleo Solutions Limited
EXXARO,EXXARO: Exxaro Tiles Limited
FACT,FACT: Fertilizers and Chemicals Travancore Limited
FAIRCHEMOR,FAIRCHEMOR: Fairchem Organics Limited
FAZE3Q,FAZE3Q: Faze Three Limited
FCL,FCL: Fineotex Chemical Limited
FCSSOFT,FCSSOFT: FCS Software Solutions Limited
FDC,FDC: FDC Limited
FEDERALBNK,FEDERALBNK: The Federal Bank  Limited
FEDFINA,FEDFINA: Fedbank Financial Services Limited
FEL,FEL: Future Enterprises Limited
FELDVR,FELDVR: Future Enterprises Limited
FIBERWEB,FIBERWEB: Fiberweb (India) Limited
FIEMIND,FIEMIND: Fiem Industries Limited
FILATEX,FILATEX: Filatex India Limited
FILATFASH,FILATFASH: Filatex Fashions Limited
FINCABLES,FINCABLES: Finolex Cables Limited
FINEORG,FINEORG: Fine Organic Industries Limited
FINOPB,FINOPB: Fino Payments Bank Limited
FINPIPE,FINPIPE: Finolex Industries Limited
FIVESTAR,FIVESTAR: Five-Star Business Finance Limited
FLAIR,FLAIR: Flair Writing Industries Limited
FLEXITUFF,FLEXITUFF: Flexituff Ventures International Limited
FLFL,FLFL: Future Lifestyle Fashions Limited
FLUOROCHEM,FLUOROCHEM: Gujarat Fluorochemicals Limited
FMGOETZE,FMGOETZE: Federal-Mogul Goetze (India) Limited.
FMNL,FMNL: Future Market Networks Limited
FOCUS,FOCUS: Focus Lighting and Fixtures Limited
FOODSIN,FOODSIN: Foods & Inns Limited
FORCEMOT,FORCEMOT: FORCE MOTORS LTD
FORTIS,FORTIS: Fortis Healthcare Limited
FOSECOIND,FOSECOIND: Foseco India Limited
FSL,FSL: Firstsource Solutions Limited
FUSION,FUSION: Fusion Micro Finance Limited
GABRIEL,GABRIEL: Gabriel India Limited
GACMDVR-RE,GACMDVR-RE: GACM Tech Ltd DVR-RE
GAEL,GAEL: Gujarat Ambuja Exports Limited
GAIL,GAIL: GAIL (India) Limited
GALAXYSURF,GALAXYSURF: Galaxy Surfactants Limited
GALLANTT,GALLANTT: Gallantt Ispat Limited
GANDHAR,GANDHAR: Gandhar Oil Refinery (India) Limited
GANDHITUBE,GANDHITUBE: Gandhi Special Tubes Limited
GANECOS,GANECOS: Ganesha Ecosphere Limited
GANESHBE,GANESHBE: Ganesh Benzoplast Limited
GANESHHOUC,GANESHHOUC: Ganesh Housing Corporation Limited
GANGAFORGE,GANGAFORGE: Ganga Forging Limited
GANGESSECU,GANGESSECU: Ganges Securities Limited
GARFIBRES,GARFIBRES: Garware Technical Fibres Limited
GATECH,GATECH: GACM Technologies Limited
GATECH-RE,GATECH-RE: GACM Technologies Ltd-RE
GATECHDVR,GATECHDVR: GACM Technologies Limited
GATEWAY,GATEWAY: Gateway Distriparks Limited
GEECEE,GEECEE: GeeCee Ventures Limited
GEEKAYWIRE,GEEKAYWIRE: Geekay Wires Limited
GENCON,GENCON: Generic Engineering Construction and Projects Limited
GENESYS,GENESYS: Genesys International Corporation Limited
GENSOL,GENSOL: Gensol Engineering Limited
GENUSPAPER,GENUSPAPER: Genus Paper & Boards Limited
GENUSPOWER,GENUSPOWER: Genus Power Infrastructures Limited
GEOJITFSL,GEOJITFSL: Geojit Financial Services Limited
GEPIL,GEPIL: GE Power India Limited
GESHIP,GESHIP: The Great Eastern Shipping Company Limited
GET&D,GET&D: GE T&D India Limited
GFLLIMITED,GFLLIMITED: GFL Limited
GHCL,GHCL: GHCL Limited
GHCLTEXTIL,GHCLTEXTIL: GHCL Textiles Limited
GICHSGFIN,GICHSGFIN: GIC Housing Finance Limited
GICRE,GICRE: General Insurance Corporation of India
GILLANDERS,GILLANDERS: Gillanders Arbuthnot & Company Limited
GILLETTE,GILLETTE: Gillette India Limited
GINNIFILA,GINNIFILA: Ginni Filaments Limited
GIPCL,GIPCL: Gujarat Industries Power Company Limited
GKWLIMITED,GKWLIMITED: GKW Limited
GLAND,GLAND: Gland Pharma Limited
GLAXO,GLAXO: GlaxoSmithKline Pharmaceuticals Limited
GLENMARK,GLENMARK: Glenmark Pharmaceuticals Limited
GLFL,GLFL: Gujarat Lease Financing Limited
GLOBAL,GLOBAL: Global Education Limited
GLOBALVECT,GLOBALVECT: Global Vectra Helicorp Limited
GLOBE,GLOBE: Globe Textiles (India) Limited
GLOBUSSPR,GLOBUSSPR: Globus Spirits Limited
GLOSTERLTD,GLOSTERLTD: Gloster Limited
GLS,GLS: Glenmark Life Sciences Limited
GMBREW,GMBREW: GM Breweries Limited
GMDCLTD,GMDCLTD: Gujarat Mineral Development Corporation Limited
GMMPFAUDLR,GMMPFAUDLR: GMM Pfaudler Limited
GMRINFRA,GMRINFRA: GMR Airports Infrastructure Limited
GMRP&UI,GMRP&UI: GMR Power and Urban Infra Limited
GNA,GNA: GNA Axles Limited
GNFC,GNFC: Gujarat Narmada Valley Fertilizers and Chemicals Limited
GOACARBON,GOACARBON: Goa Carbon Limited
GOCLCORP,GOCLCORP: GOCL Corporation Limited
GOCOLORS,GOCOLORS: Go Fashion (India) Limited
GODFRYPHLP,GODFRYPHLP: Godfrey Phillips India Limited
GODHA,GODHA: Godha Cabcon & Insulation Limited
GODIGIT,GODIGIT: Go Digit General Insurance Limited
GODREJAGRO,GODREJAGRO: Godrej Agrovet Limited
GODREJCP,GODREJCP: Godrej Consumer Products Limited
GODREJIND,GODREJIND: Godrej Industries Limited
GODREJPROP,GODREJPROP: Godrej Properties Limited
GOKEX,GOKEX: Gokaldas Exports Limited
GOKUL,GOKUL: Gokul Refoils and Solvent Limited
GOKULAGRO,GOKULAGRO: Gokul Agro Resources Limited
GOLDENTOBC,GOLDENTOBC: Golden Tobacco Limited
GOLDIAM,GOLDIAM: Goldiam International Limited
GOLDTECH,GOLDTECH: AION-TECH SOLUTIONS LIMITED
GOODLUCK,GOODLUCK: Goodluck India Limited
GOPAL,GOPAL: Gopal Snacks Limited
GOYALALUM,GOYALALUM: Goyal Aluminiums Limited
GPIL,GPIL: Godawari Power And Ispat limited
GPPL,GPPL: Gujarat Pipavav Port Limited
GPTHEALTH,GPTHEALTH: GPT Healthcare Limited
GPTINFRA,GPTINFRA: GPT Infraprojects Limited
GRANULES,GRANULES: Granules India Limited
GRAPHITE,GRAPHITE: Graphite India Limited
GRASIM,GRASIM: Grasim Industries Limited
GRAVITA,GRAVITA: Gravita India Limited
GREAVESCOT,GREAVESCOT: Greaves Cotton Limited
GREENLAM,GREENLAM: Greenlam Industries Limited
GREENPANEL,GREENPANEL: Greenpanel Industries Limited
GREENPLY,GREENPLY: Greenply Industries Limited
GREENPOWER,GREENPOWER: Orient Green Power Company Limited
GRINDWELL,GRINDWELL: Grindwell Norton Limited
GRINFRA,GRINFRA: G R Infraprojects Limited
GRMOVER,GRMOVER: GRM Overseas Limited
GROBTEA,GROBTEA: The Grob Tea Company Limited
GRPLTD,GRPLTD: GRP Limited
GRSE,GRSE: Garden Reach Shipbuilders & Engineers Limited
GRWRHITECH,GRWRHITECH: Garware Hi-Tech Films Limited
GSFC,GSFC: Gujarat State Fertilizers & Chemicals Limited
GSLSU,GSLSU: Global Surfaces Limited
GSPL,GSPL: Gujarat State Petronet Limited
GSS,GSS: GSS Infotech Limited
GTECJAINX,GTECJAINX: G-TEC JAINX EDUCATION LIMITED
GTL,GTL: GTL Limited
GTLINFRA,GTLINFRA: GTL Infrastructure Limited
GTPL,GTPL: GTPL Hathway Limited
GUFICBIO,GUFICBIO: Gufic Biosciences Limited
GUJALKALI,GUJALKALI: Gujarat Alkalies and Chemicals Limited
GUJAPOLLO,GUJAPOLLO: Gujarat Apollo Industries Limited
GUJGASLTD,GUJGASLTD: Gujarat Gas Limited
GUJRAFFIA,GUJRAFFIA: Gujarat Raffia Industries Limited
GULFOILLUB,GULFOILLUB: Gulf Oil Lubricants India Limited
GULFPETRO,GULFPETRO: GP Petroleums Limited
GULPOLY,GULPOLY: Gulshan Polyols Limited
GVKPIL,GVKPIL: GVK Power & Infrastructure Limited
GVPTECH,GVPTECH: GVP Infotech Limited
HAL,HAL: Hindustan Aeronautics Limited
HAPPSTMNDS,HAPPSTMNDS: Happiest Minds Technologies Limited
HAPPYFORGE,HAPPYFORGE: Happy Forgings Limited
HARDWYN,HARDWYN: Hardwyn India Limited
HARIOMPIPE,HARIOMPIPE: Hariom Pipe Industries Limited
HARRMALAYA,HARRMALAYA: Harrisons  Malayalam Limited
HARSHA,HARSHA: Harsha Engineers International Limited
HATHWAY,HATHWAY: Hathway Cable & Datacom Limited
HATSUN,HATSUN: Hatsun Agro Product Limited
HAVELLS,HAVELLS: Havells India Limited
HAVISHA,HAVISHA: Sri Havisha Hospitality and Infrastructure Limited
HBLPOWER,HBLPOWER: HBL Power Systems Limited
HBSL,HBSL: HB Stockholdings Limited
HCC,HCC: Hindustan Construction Company Limited
HCG,HCG: Healthcare Global Enterprises Limited
HCL-INSYS,HCL-INSYS: HCL Infosystems Limited
HCLTECH,HCLTECH: HCL Technologies Limited
HDFCAMC,HDFCAMC: HDFC Asset Management Company Limited
HDFCBANK,HDFCBANK: HDFC Bank Limited
HDFCLIFE,HDFCLIFE: HDFC Life Insurance Company Limited
HDIL,HDIL: Housing Development and Infrastructure Limited
HEADSUP,HEADSUP: Heads UP Ventures Limited
HECPROJECT,HECPROJECT: HEC Infra Projects Limited
HEG,HEG: HEG Limited
HEIDELBERG,HEIDELBERG: HeidelbergCement India Limited
HEMIPROP,HEMIPROP: Hemisphere Properties India Limited
HERANBA,HERANBA: Heranba Industries Limited
HERCULES,HERCULES: Hercules Hoists Limited
HERITGFOOD,HERITGFOOD: Heritage Foods Limited
HEROMOTOCO,HEROMOTOCO: Hero MotoCorp Limited
HESTERBIO,HESTERBIO: Hester Biosciences Limited
HEUBACHIND,HEUBACHIND: Heubach Colorants India Limited
HEXATRADEX,HEXATRADEX: Hexa Tradex Limited
HFCL,HFCL: HFCL Limited
HGINFRA,HGINFRA: H.G. Infra Engineering Limited
HGS,HGS: Hinduja Global Solutions Limited
HIKAL,HIKAL: Hikal Limited
HIL,HIL: HIL Limited
HILTON,HILTON: Hilton Metal Forging Limited
HIMATSEIDE,HIMATSEIDE: Himatsingka Seide Limited
HINDALCO,HINDALCO: Hindalco Industries Limited
HINDCOMPOS,HINDCOMPOS: Hindustan Composites Limited
HINDCON,HINDCON: Hindcon Chemicals Limited
HINDCOPPER,HINDCOPPER: Hindustan Copper Limited
HINDMOTORS,HINDMOTORS: Hindustan Motors Limited
HINDOILEXP,HINDOILEXP: Hindustan Oil Exploration Company Limited
HINDPETRO,HINDPETRO: Hindustan Petroleum Corporation Limited
HINDUNILVR,HINDUNILVR: Hindustan Unilever Limited
HINDWAREAP,HINDWAREAP: Hindware Home Innovation Limited
HINDZINC,HINDZINC: Hindustan Zinc Limited
HIRECT,HIRECT: Hind Rectifiers Limited
HISARMETAL,HISARMETAL: Hisar Metal Industries Limited
HITECH,HITECH: Hi-Tech Pipes Limited
HITECHCORP,HITECHCORP: Hitech Corporation Limited
HITECHGEAR,HITECHGEAR: The Hi-Tech Gears Limited
HLEGLAS,HLEGLAS: HLE Glascoat Limited
HLVLTD,HLVLTD: HLV LIMITED
HMAAGRO,HMAAGRO: HMA Agro Industries Limited
HMT,HMT: HMT Limited
HMVL,HMVL: Hindustan Media Ventures Limited
HNDFDS,HNDFDS: Hindustan Foods Limited
HOMEFIRST,HOMEFIRST: Home First Finance Company India Limited
HONASA,HONASA: Honasa Consumer Limited
HONAUT,HONAUT: Honeywell Automation India Limited
HONDAPOWER,HONDAPOWER: Honda India Power Products Limited
HOVS,HOVS: HOV Services Limited
HPAL,HPAL: HP Adhesives Limited
HPIL,HPIL: Hindprakash Industries Limited
HPL,HPL: HPL Electric & Power Limited
HSCL,HSCL: Himadri Speciality Chemical Limited
HTMEDIA,HTMEDIA: HT Media Limited
HUBTOWN,HUBTOWN: Hubtown Limited
HUDCO,HUDCO: Housing & Urban Development Corporation Limited
HUHTAMAKI,HUHTAMAKI: Huhtamaki India Limited
HYBRIDFIN,HYBRIDFIN: Hybrid Financial Services Limited
ICDSLTD,ICDSLTD: ICDS Limited
ICEMAKE,ICEMAKE: Ice Make Refrigeration Limited
ICICIBANK,ICICIBANK: ICICI Bank Limited
ICICIGI,ICICIGI: ICICI Lombard General Insurance Company Limited
ICICIPRULI,ICICIPRULI: ICICI Prudential Life Insurance Company Limited
ICIL,ICIL: Indo Count Industries Limited
ICRA,ICRA: ICRA Limited
IDBI,IDBI: IDBI Bank Limited
IDEA,IDEA: Vodafone Idea Limited
IDEAFORGE,IDEAFORGE: Ideaforge Technology Limited
IDFC,IDFC: IDFC Limited
IDFCFIRSTB,IDFCFIRSTB: IDFC First Bank Limited
IEL,IEL: Indiabulls Enterprises Limited
IEX,IEX: Indian Energy Exchange Limited
IFBAGRO,IFBAGRO: IFB Agro Industries Limited
IFBIND,IFBIND: IFB Industries Limited
IFCI,IFCI: IFCI Limited
IFGLEXPOR,IFGLEXPOR: IFGL Refractories Limited
IGARASHI,IGARASHI: Igarashi Motors India Limited
IGL,IGL: Indraprastha Gas Limited
IGPL,IGPL: IG Petrochemicals Limited
IIFL,IIFL: IIFL Finance Limited
IIFLSEC,IIFLSEC: IIFL Securities Limited
IITL,IITL: Industrial Investment Trust Limited
IKIO,IKIO: IKIO Lighting Limited
IL&FSENGG,IL&FSENGG: IL&FS Engineering and Construction Company Limited
IL&FSTRANS,IL&FSTRANS: IL&FS Transportation Networks Limited
IMAGICAA,IMAGICAA: Imagicaaworld Entertainment Limited
IMFA,IMFA: Indian Metals & Ferro Alloys Limited
IMPAL,IMPAL: India Motor Parts and Accessories Limited
IMPEXFERRO,IMPEXFERRO: Impex Ferro Tech Limited
INCREDIBLE,INCREDIBLE: INCREDIBLE INDUSTRIES LIMITED
INDBANK,INDBANK: Indbank Merchant Banking Services Limited
INDGN,INDGN: Indegene Limited
INDHOTEL,INDHOTEL: The Indian Hotels Company Limited
INDIACEM,INDIACEM: The India Cements Limited
INDIAGLYCO,INDIAGLYCO: India Glycols Limited
INDIAMART,INDIAMART: Indiamart Intermesh Limited
INDIANB,INDIANB: Indian Bank
INDIANCARD,INDIANCARD: Indian Card Clothing Company Limited
INDIANHUME,INDIANHUME: Indian Hume Pipe Company Limited
INDIASHLTR,INDIASHLTR: India Shelter Finance Corporation Limited
INDIGO,INDIGO: InterGlobe Aviation Limited
INDIGOPNTS,INDIGOPNTS: Indigo Paints Limited
INDNIPPON,INDNIPPON: India Nippon Electricals Limited
INDOAMIN,INDOAMIN: Indo Amines Limited
INDOBORAX,INDOBORAX: Indo Borax & Chemicals Limited
INDOCO,INDOCO: Indoco Remedies Limited
INDORAMA,INDORAMA: Indo Rama Synthetics (India) Limited
INDOSTAR,INDOSTAR: IndoStar Capital Finance Limited
INDOTECH,INDOTECH: Indo Tech Transformers Limited
INDOTHAI,INDOTHAI: Indo Thai Securities Limited
INDOWIND,INDOWIND: Indowind Energy Limited
INDRAMEDCO,INDRAMEDCO: Indraprastha Medical Corporation Limited
INDSWFTLAB,INDSWFTLAB: Ind-Swift Laboratories Limited
INDSWFTLTD,INDSWFTLTD: Ind-Swift Limited
INDTERRAIN,INDTERRAIN: Indian Terrain Fashions Limited
INDUSINDBK,INDUSINDBK: IndusInd Bank Limited
INDUSTOWER,INDUSTOWER: Indus Towers Limited
INFIBEAM,INFIBEAM: Infibeam Avenues Limited
INFOBEAN,INFOBEAN: InfoBeans Technologies Limited
INFY,INFY: Infosys Limited
INGERRAND,INGERRAND: Ingersoll Rand (India) Limited
INNOVACAP,INNOVACAP: Innova Captab Limited
INOXGREEN,INOXGREEN: Inox Green Energy Services Limited
INOXINDIA,INOXINDIA: INOX India Limited
INOXWIND,INOXWIND: Inox Wind Limited
INSECTICID,INSECTICID: Insecticides (India) Limited
INSPIRISYS,INSPIRISYS: Inspirisys Solutions Limited
INTELLECT,INTELLECT: Intellect Design Arena Limited
INTENTECH,INTENTECH: Intense Technologies Limited
INTLCONV,INTLCONV: International Conveyors Limited
INVENT-RE,INVENT-RE: Inventure Growth & Securities Limited-RE
INVENTURE,INVENTURE: Inventure Growth & Securities Limited
IOB,IOB: Indian Overseas Bank
IOC,IOC: Indian Oil Corporation Limited
IOLCP,IOLCP: IOL Chemicals and Pharmaceuticals Limited
IONEXCHANG,IONEXCHANG: ION Exchange (India) Limited
IPCALAB,IPCALAB: IPCA Laboratories Limited
IPL,IPL: India Pesticides Limited
IRB,IRB: IRB Infrastructure Developers Limited
IRCON,IRCON: Ircon International Limited
IRCTC,IRCTC: Indian Railway Catering And Tourism Corporation Limited
IREDA,IREDA: Indian Renewable Energy Development Agency Limited
IRFC,IRFC: Indian Railway Finance Corporation Limited
IRIS,IRIS: Iris Business Services Limited
IRISDOREME,IRISDOREME: Iris Clothings Limited
IRMENERGY,IRMENERGY: IRM Energy Limited
ISEC,ISEC: ICICI Securities Limited
ISFT,ISFT: Intrasoft Technologies Limited
ISGEC,ISGEC: Isgec Heavy Engineering Limited
ITC,ITC: ITC Limited
ITDC,ITDC: India Tourism Development Corporation Limited
ITDCEM,ITDCEM: ITD Cementation India Limited
ITI,ITI: ITI Limited
IVC,IVC: IL&FS Investment Managers Limited
IVP,IVP: IVP Limited
IWEL,IWEL: Inox Wind Energy Limited
IXIGO,IXIGO: Le Travenues Technology Limited
IZMO,IZMO: IZMO Limited
J&KBANK,J&KBANK: The Jammu & Kashmir Bank Limited
JAGRAN,JAGRAN: Jagran Prakashan Limited
JAGSNPHARM,JAGSNPHARM: Jagsonpal Pharmaceuticals Limited
JAIBALAJI,JAIBALAJI: Jai Balaji Industries Limited
JAICORPLTD,JAICORPLTD: Jai Corp Limited
JAIPURKURT,JAIPURKURT: Nandani Creation Limited
JAMNAAUTO,JAMNAAUTO: Jamna Auto Industries Limited
JASH,JASH: Jash Engineering Limited
JAYAGROGN,JAYAGROGN: Jayant Agro Organics Limited
JAYBARMARU,JAYBARMARU: Jay Bharat Maruti Limited
JAYNECOIND,JAYNECOIND: Jayaswal Neco Industries Limited
JAYSREETEA,JAYSREETEA: Jayshree Tea & Industries Limited
JBCHEPHARM,JBCHEPHARM: JB Chemicals & Pharmaceuticals Limited
JBMA,JBMA: JBM Auto Limited
JCHAC,JCHAC: Johnson Controls - Hitachi Air Conditioning India Limited
JETAIRWAYS,JETAIRWAYS: Jet Airways (India) Limited
JETFREIGHT,JETFREIGHT: Jet Freight Logistics Limited
JGCHEM,JGCHEM: J.G.Chemicals Limited
JHS,JHS: JHS Svendgaard Laboratories Limited
JINDALPHOT,JINDALPHOT: Jindal Photo Limited
JINDALPOLY,JINDALPOLY: Jindal Poly Films Limited
JINDALSAW,JINDALSAW: Jindal Saw Limited
JINDALSTEL,JINDALSTEL: Jindal Steel & Power Limited
JINDRILL,JINDRILL: Jindal Drilling And Industries Limited
JINDWORLD,JINDWORLD: Jindal Worldwide Limited
JIOFIN,JIOFIN: Jio Financial Services Limited
JISLDVREQS,JISLDVREQS: Jain Irrigation Systems Limited
JISLJALEQS,JISLJALEQS: Jain Irrigation Systems Limited
JITFINFRA,JITFINFRA: JITF Infralogistics Limited
JKCEMENT,JKCEMENT: JK Cement Limited
JKIL,JKIL: J.Kumar Infraprojects Limited
JKLAKSHMI,JKLAKSHMI: JK Lakshmi Cement Limited
JKPAPER,JKPAPER: JK Paper Limited
JKTYRE,JKTYRE: JK Tyre & Industries Limited
JLHL,JLHL: Jupiter Life Line Hospitals Limited
JMA,JMA: Jullundur Motor Agency (Delhi) Limited
JMFINANCIL,JMFINANCIL: JM Financial Limited
JNKINDIA,JNKINDIA: JNK India Limited
JOCIL,JOCIL: Jocil Limited
JPASSOCIAT,JPASSOCIAT: Jaiprakash Associates Limited
JPOLYINVST,JPOLYINVST: Jindal Poly Investment and Finance Company Limited
JPPOWER,JPPOWER: Jaiprakash Power Ventures Limited
JSFB,JSFB: Jana Small Finance Bank Limited
JSL,JSL: Jindal Stainless Limited
JSWENERGY,JSWENERGY: JSW Energy Limited
JSWHL,JSWHL: JSW Holdings Limited
JSWINFRA,JSWINFRA: JSW Infrastructure Limited
JSWSTEEL,JSWSTEEL: JSW Steel Limited
JTEKTINDIA,JTEKTINDIA: Jtekt India Limited
JTLIND,JTLIND: JTL INDUSTRIES LIMITED
JUBLFOOD,JUBLFOOD: Jubilant Foodworks Limited
JUBLINDS,JUBLINDS: Jubilant Industries Limited
JUBLINGREA,JUBLINGREA: Jubilant Ingrevia Limited
JUBLPHARMA,JUBLPHARMA: Jubilant Pharmova Limited
JUNIPER,JUNIPER: Juniper Hotels Limited
JUSTDIAL,JUSTDIAL: Just Dial Limited
JWL,JWL: Jupiter Wagons Limited
JYOTHYLAB,JYOTHYLAB: Jyothy Labs Limited
JYOTICNC,JYOTICNC: Jyoti CNC Automation Limited
JYOTISTRUC,JYOTISTRUC: Jyoti Structures Limited
KABRAEXTRU,KABRAEXTRU: Kabra Extrusion Technik Limited
KAJARIACER,KAJARIACER: Kajaria Ceramics Limited
KAKATCEM,KAKATCEM: Kakatiya Cement Sugar & Industries Limited
KALAMANDIR,KALAMANDIR: Sai Silks (Kalamandir) Limited
KALYANI,KALYANI: Kalyani Commercials Limited
KALYANIFRG,KALYANIFRG: Kalyani Forge Limited
KALYANKJIL,KALYANKJIL: Kalyan Jewellers India Limited
KAMATHOTEL,KAMATHOTEL: Kamat Hotels (I) Limited
KAMDHENU,KAMDHENU: Kamdhenu Limited
KAMOPAINTS,KAMOPAINTS: Kamdhenu Ventures Limited
KANANIIND,KANANIIND: Kanani Industries Limited
KANORICHEM,KANORICHEM: Kanoria Chemicals & Industries Limited
KANPRPLA,KANPRPLA: Kanpur Plastipack Limited
KANSAINER,KANSAINER: Kansai Nerolac Paints Limited
KAPSTON,KAPSTON: Kapston Services Limited
KARMAENG,KARMAENG: Karma Energy Limited
KARURVYSYA,KARURVYSYA: Karur Vysya Bank Limited
KAUSHALYA,KAUSHALYA: Kaushalya Infrastructure Development Corporation Limited
KAVVERITEL,KAVVERITEL: Kavveri Telecom Products Limited
KAYA,KAYA: Kaya Limited
KAYNES,KAYNES: Kaynes Technology India Limited
KBCGLOBAL,KBCGLOBAL: KBC Global Limited
KCP,KCP: KCP Limited
KCPSUGIND,KCPSUGIND: KCP Sugar and Industries Corporation Limited
KDDL,KDDL: KDDL Limited
KEC,KEC: KEC International Limited
KECL,KECL: Kirloskar Electric Company Limited
KEEPLEARN,KEEPLEARN: DSJ Keep Learning Limited
KEI,KEI: KEI Industries Limited
KELLTONTEC,KELLTONTEC: Kellton Tech Solutions Limited
KERNEX,KERNEX: Kernex Microsystems (India) Limited
KESORAMIND,KESORAMIND: Kesoram Industries Limited
KEYFINSERV,KEYFINSERV: Keynote Financial Services Limited
KFINTECH,KFINTECH: Kfin Technologies Limited
KHADIM,KHADIM: Khadim India Limited
KHAICHEM,KHAICHEM: Khaitan Chemicals & Fertilizers Limited
KHAITANLTD,KHAITANLTD: Khaitan (India) Limited
KHANDSE,KHANDSE: Khandwala Securities Limited
KICL,KICL: Kalyani Investment Company Limited
KILITCH,KILITCH: Kilitch Drugs (India) Limited
KIMS,KIMS: Krishna Institute of Medical Sciences Limited
KINGFA,KINGFA: Kingfa Science & Technology (India) Limited
KIOCL,KIOCL: KIOCL Limited
KIRIINDUS,KIRIINDUS: Kiri Industries Limited
KIRLOSBROS,KIRLOSBROS: Kirloskar Brothers Limited
KIRLOSENG,KIRLOSENG: Kirloskar Oil Engines Limited
KIRLOSIND,KIRLOSIND: Kirloskar Industries Limited
KIRLPNU,KIRLPNU: Kirloskar Pneumatic Company Limited
KITEX,KITEX: Kitex Garments Limited
KKCL,KKCL: Kewal Kiran Clothing Limited
KMSUGAR,KMSUGAR: K.M.Sugar Mills Limited
KNRCON,KNRCON: KNR Constructions Limited
KOHINOOR,KOHINOOR: Kohinoor Foods Limited
KOKUYOCMLN,KOKUYOCMLN: Kokuyo Camlin Limited
KOLTEPATIL,KOLTEPATIL: Kolte - Patil Developers Limited
KOPRAN,KOPRAN: Kopran Limited
KOTAKBANK,KOTAKBANK: Kotak Mahindra Bank Limited
KOTARISUG,KOTARISUG: Kothari Sugars And Chemicals Limited
KOTHARIPET,KOTHARIPET: Kothari Petrochemicals Limited
KOTHARIPRO,KOTHARIPRO: Kothari Products Limited
KPIGREEN,KPIGREEN: KPI Green Energy Limited
KPIL,KPIL: Kalpataru Projects International Limited
KPITTECH,KPITTECH: KPIT Technologies Limited
KPRMILL,KPRMILL: K.P.R. Mill Limited
KRBL,KRBL: KRBL Limited
KREBSBIO,KREBSBIO: Krebs Biochemicals and Industries Limited
KRIDHANINF,KRIDHANINF: Kridhan Infra Limited
KRISHANA,KRISHANA: Krishana Phoschem Limited
KRITI,KRITI: Kriti Industries (India) Limited
KRITIKA,KRITIKA: Kritika Wires Limited
KRITINUT,KRITINUT: Kriti Nutrients Limited
KRONOX,KRONOX: Kronox Lab Sciences Limited
KRSNAA,KRSNAA: Krsnaa Diagnostics Limited
KRYSTAL,KRYSTAL: Krystal Integrated Services Limited
KSB,KSB: Ksb Limited
KSCL,KSCL: Kaveri Seed Company Limited
KSHITIJPOL,KSHITIJPOL: Kshitij Polyline Limited
KSL,KSL: Kalyani Steels Limited
KSOLVES,KSOLVES: Ksolves India Limited
KTKBANK,KTKBANK: The Karnataka Bank Limited
KUANTUM,KUANTUM: Kuantum Papers Limited
LAGNAM,LAGNAM: Lagnam Spintex Limited
LAL,LAL: Lorenzini Apparels Limited
LALPATHLAB,LALPATHLAB: Dr. Lal Path Labs Ltd.
LAMBODHARA,LAMBODHARA: Lambodhara Textiles Limited
LANCORHOL,LANCORHOL: Lancor Holdings Limited
LANDMARK,LANDMARK: Landmark Cars Limited
LAOPALA,LAOPALA: La Opala RG Limited
LASA,LASA: Lasa Supergenerics Limited
LATENTVIEW,LATENTVIEW: Latent View Analytics Limited
LATTEYS,LATTEYS: Latteys Industries Limited
LAURUSLABS,LAURUSLABS: Laurus Labs Limited
LAXMICOT,LAXMICOT: Laxmi Cotspin Limited
LAXMIMACH,LAXMIMACH: Lakshmi Machine Works Limited
LCCINFOTEC,LCCINFOTEC: LCC Infotech Limited
LEMONTREE,LEMONTREE: Lemon Tree Hotels Limited
LEXUS,LEXUS: Lexus Granito (India) Limited
LFIC,LFIC: Lakshmi Finance & Industrial Corporation Limited
LGBBROSLTD,LGBBROSLTD: LG Balakrishnan & Bros Limited
LGHL,LGHL: Laxmi Goldorna House Limited
LIBAS,LIBAS: Libas Consumer Products Limited
LIBERTSHOE,LIBERTSHOE: Liberty Shoes Limited
LICHSGFIN,LICHSGFIN: LIC Housing Finance Limited
LICI,LICI: Life Insurance Corporation Of India
LIKHITHA,LIKHITHA: Likhitha Infrastructure Limited
LINC,LINC: Linc Limited
LINCOLN,LINCOLN: Lincoln Pharmaceuticals Limited
LINDEINDIA,LINDEINDIA: Linde India Limited
LLOYDSENGG,LLOYDSENGG: LLOYDS ENGINEERING WORKS LIMITED
LLOYDSME,LLOYDSME: Lloyds Metals And Energy Limited
LODHA,LODHA: Macrotech Developers Limited
LOKESHMACH,LOKESHMACH: Lokesh Machines Limited
LORDSCHLO,LORDSCHLO: Lords Chloro Alkali Limited
LOTUSEYE,LOTUSEYE: Lotus Eye Hospital and Institute Limited
LOVABLE,LOVABLE: Lovable Lingerie Limited
LOYALTEX,LOYALTEX: Loyal Textile Mills Limited
LPDC,LPDC: Landmark Property Development Company Limited
LT,LT: Larsen & Toubro Limited
LTF,LTF: L&T Finance Limited
LTFOODS,LTFOODS: LT Foods Limited
LTIM,LTIM: LTIMindtree Limited
LTTS,LTTS: L&T Technology Services Limited
LUMAXIND,LUMAXIND: Lumax Industries Limited
LUMAXTECH,LUMAXTECH: Lumax Auto Technologies Limited
LUPIN,LUPIN: Lupin Limited
LUXIND,LUXIND: Lux Industries Limited
LXCHEM,LXCHEM: Laxmi Organic Industries Limited
LYKALABS,LYKALABS: Lyka Labs Limited
LYPSAGEMS,LYPSAGEMS: Lypsa Gems & Jewellery Limited
M&M,M&M: Mahindra & Mahindra Limited
M&MFIN,M&MFIN: Mahindra & Mahindra Financial Services Limited
MAANALU,MAANALU: Maan Aluminium Limited
MACPOWER,MACPOWER: Macpower CNC Machines Limited
MADHAV,MADHAV: Madhav Marbles and Granites Limited
MADHUCON,MADHUCON: Madhucon Projects Limited
MADRASFERT,MADRASFERT: Madras Fertilizers Limited
MAGADSUGAR,MAGADSUGAR: Magadh Sugar & Energy Limited
MAGNUM,MAGNUM: Magnum Ventures Limited
MAHABANK,MAHABANK: Bank of Maharashtra
MAHAPEXLTD,MAHAPEXLTD: Maha Rashtra Apex Corporation Limited
MAHASTEEL,MAHASTEEL: Mahamaya Steel Industries Limited
MAHEPC,MAHEPC: Mahindra EPC Irrigation Limited
MAHESHWARI,MAHESHWARI: Maheshwari Logistics Limited
MAHLIFE,MAHLIFE: Mahindra Lifespace Developers Limited
MAHLOG,MAHLOG: Mahindra Logistics Limited
MAHSCOOTER,MAHSCOOTER: Maharashtra Scooters Limited
MAHSEAMLES,MAHSEAMLES: Maharashtra Seamless Limited
MAITHANALL,MAITHANALL: Maithan Alloys Limited
MALLCOM,MALLCOM: Mallcom (India) Limited
MALUPAPER,MALUPAPER: Malu Paper Mills Limited
MANAKALUCO,MANAKALUCO: Manaksia Aluminium Company Limited
MANAKCOAT,MANAKCOAT: Manaksia Coated Metals & Industries Limited
MANAKSIA,MANAKSIA: Manaksia Limited
MANAKSTEEL,MANAKSTEEL: Manaksia Steels Limited
MANALIPETC,MANALIPETC: Manali Petrochemicals Limited
MANAPPURAM,MANAPPURAM: Manappuram Finance Limited
MANGALAM,MANGALAM: Mangalam Drugs And Organics Limited
MANGCHEFER,MANGCHEFER: Mangalore Chemicals & Fertilizers Limited
MANGLMCEM,MANGLMCEM: Mangalam Cement Limited
MANINDS,MANINDS: Man Industries (India) Limited
MANINFRA,MANINFRA: Man Infraconstruction Limited
MANKIND,MANKIND: Mankind Pharma Limited
MANOMAY,MANOMAY: Manomay Tex India Limited
MANORAMA,MANORAMA: Manorama Industries Limited
MANORG,MANORG: Mangalam Organics Limited
MANUGRAPH,MANUGRAPH: Manugraph India Limited
MANYAVAR,MANYAVAR: Vedant Fashions Limited
MAPMYINDIA,MAPMYINDIA: C.E. Info Systems Limited
MARALOVER,MARALOVER: Maral Overseas Limited
MARATHON,MARATHON: Marathon Nextgen Realty Limited
MARICO,MARICO: Marico Limited
MARINE,MARINE: Marine Electricals (India) Limited
MARKSANS,MARKSANS: Marksans Pharma Limited
MARSHALL,MARSHALL: Marshall Machines Limited
MARUTI,MARUTI: Maruti Suzuki India Limited
MASFIN,MASFIN: MAS Financial Services Limited
MASTEK,MASTEK: Mastek Limited
MATRIMONY,MATRIMONY: Matrimony.Com Limited
MAWANASUG,MAWANASUG: Mawana Sugars Limited
MAXESTATES,MAXESTATES: Max Estates Limited
MAXHEALTH,MAXHEALTH: Max Healthcare Institute Limited
MAXIND,MAXIND: Max India Limited
MAYURUNIQ,MAYURUNIQ: Mayur Uniquoters Ltd
MAZDA,MAZDA: Mazda Limited
MAZDOCK,MAZDOCK: Mazagon Dock Shipbuilders Limited
MBAPL,MBAPL: Madhya Bharat Agro Products Limited
MBECL,MBECL: Mcnally Bharat Engineering Company Limited
MBLINFRA,MBLINFRA: MBL Infrastructure Limited
MCL,MCL: Madhav Copper Limited
MCLEODRUSS,MCLEODRUSS: Mcleod Russel India Limited
MCX,MCX: Multi Commodity Exchange of India Limited
MEDANTA,MEDANTA: Global Health Limited
MEDIASSIST,MEDIASSIST: Medi Assist Healthcare Services Limited
MEDICAMEQ,MEDICAMEQ: Medicamen Biotech Limited
MEDICO,MEDICO: Medico Remedies Limited
MEDPLUS,MEDPLUS: Medplus Health Services Limited
MEGASOFT,MEGASOFT: Megasoft Limited
MEGASTAR,MEGASTAR: Megastar Foods Limited
MENONBE,MENONBE: Menon Bearings Limited
METROBRAND,METROBRAND: Metro Brands Limited
METROPOLIS,METROPOLIS: Metropolis Healthcare Limited
MFSL,MFSL: Max Financial Services Limited
MGEL,MGEL: Mangalam Global Enterprise Limited
MGL,MGL: Mahanagar Gas Limited
MHLXMIRU,MHLXMIRU: Mahalaxmi Rubtech Limited
MHRIL,MHRIL: Mahindra Holidays & Resorts India Limited
MICEL,MICEL: MIC Electronics Limited
MIDHANI,MIDHANI: Mishra Dhatu Nigam Limited
MINDACORP,MINDACORP: Minda Corporation Limited
MINDTECK,MINDTECK: Mindteck (India) Limited
MIRCELECTR,MIRCELECTR: MIRC Electronics Limited
MIRZAINT,MIRZAINT: Mirza International Limited
MITCON,MITCON: MITCON Consultancy & Engineering Services Limited
MITTAL,MITTAL: Mittal Life Style Limited
MKPL,MKPL: M K Proteins Limited
MMFL,MMFL: MM Forgings Limited
MMP,MMP: MMP Industries Limited
MMTC,MMTC: MMTC Limited
MODIRUBBER,MODIRUBBER: Modi Rubber Limited
MODISONLTD,MODISONLTD: MODISON LIMITED
MODTHREAD,MODTHREAD: Modern Threads (India) Limited
MOHITIND,MOHITIND: Mohit Industries Limited
MOIL,MOIL: MOIL Limited
MOKSH,MOKSH: Moksh Ornaments Limited
MOL,MOL: Meghmani Organics Limited
MOLDTECH,MOLDTECH: Mold-Tek Technologies Limited
MOLDTKPAC,MOLDTKPAC: Mold-Tek Packaging Limited
MONARCH,MONARCH: Monarch Networth Capital Limited
MONTECARLO,MONTECARLO: Monte Carlo Fashions Limited
MORARJEE,MORARJEE: Morarjee Textiles Limited
MOREPENLAB,MOREPENLAB: Morepen Laboratories Limited
MOTHERSON,MOTHERSON: Samvardhana Motherson International Limited
MOTILALOFS,MOTILALOFS: Motilal Oswal Financial Services Limited
MOTISONS,MOTISONS: Motisons Jewellers Limited
MOTOGENFIN,MOTOGENFIN: The Motor & General Finance Limited
MPHASIS,MPHASIS: MphasiS Limited
MPSLTD,MPSLTD: MPS Limited
MRF,MRF: MRF Limited
MRO-TEK,MRO-TEK: MRO-TEK Realty Limited
MRPL,MRPL: Mangalore Refinery and Petrochemicals Limited
MSPL,MSPL: MSP Steel & Power Limited
MSTCLTD,MSTCLTD: Mstc Limited
MSUMI,MSUMI: Motherson Sumi Wiring India Limited
MTARTECH,MTARTECH: Mtar Technologies Limited
MTEDUCARE,MTEDUCARE: MT Educare Limited
MTNL,MTNL: Mahanagar Telephone Nigam Limited
MUFIN,MUFIN: Mufin Green Finance Limited
MUFTI,MUFTI: Credo Brands Marketing Limited
MUKANDLTD,MUKANDLTD: Mukand Limited
MUKKA,MUKKA: Mukka Proteins Limited
MUKTAARTS,MUKTAARTS: Mukta Arts Limited
MUNJALAU,MUNJALAU: Munjal Auto Industries Limited
MUNJALSHOW,MUNJALSHOW: Munjal Showa Limited
MURUDCERA,MURUDCERA: Murudeshwar Ceramics Limited
MUTHOOTCAP,MUTHOOTCAP: Muthoot Capital Services Limited
MUTHOOTFIN,MUTHOOTFIN: Muthoot Finance Limited
MUTHOOTMF,MUTHOOTMF: Muthoot Microfin Limited
MVGJL,MVGJL: Manoj Vaibhav Gems N Jewellers Limited
NACLIND,NACLIND: NACL Industries Limited
NAGAFERT,NAGAFERT: Nagarjuna Fertilizers and Chemicals Limited
NAGREEKCAP,NAGREEKCAP: Nagreeka Capital & Infrastructure Limited
NAGREEKEXP,NAGREEKEXP: Nagreeka Exports Limited
NAHARCAP,NAHARCAP: Nahar Capital and Financial Services Limited
NAHARINDUS,NAHARINDUS: Nahar Industrial Enterprises Limited
NAHARPOLY,NAHARPOLY: Nahar Poly Films Limited
NAHARSPING,NAHARSPING: Nahar Spinning Mills Limited
NAM-INDIA,NAM-INDIA: Nippon Life India Asset Management Limited
NARMADA,NARMADA: Narmada Agrobase Limited
NATCOPHARM,NATCOPHARM: Natco Pharma Limited
NATHBIOGEN,NATHBIOGEN: Nath Bio-Genes (India) Limited
NATIONALUM,NATIONALUM: National Aluminium Company Limited
NAUKRI,NAUKRI: Info Edge (India) Limited
NAVA,NAVA: NAVA LIMITED
NAVINFLUOR,NAVINFLUOR: Navin Fluorine International Limited
NAVKARCORP,NAVKARCORP: Navkar Corporation Limited
NAVNETEDUL,NAVNETEDUL: Navneet Education Limited
NAZARA,NAZARA: Nazara Technologies Limited
NBCC,NBCC: NBCC (India) Limited
NBIFIN,NBIFIN: N. B. I. Industrial Finance Company Limited
NCC,NCC: NCC Limited
NCLIND,NCLIND: NCL Industries Limited
NDGL,NDGL: Naga Dhunseri Group Limited
NDL,NDL: Nandan Denim Limited
NDLVENTURE,NDLVENTURE: NDL Ventures Limited
NDRAUTO,NDRAUTO: Ndr Auto Components Limited
NDTV,NDTV: New Delhi Television Limited
NECCLTD,NECCLTD: North Eastern Carrying Corporation Limited
NECLIFE,NECLIFE: Nectar Lifesciences Limited
NELCAST,NELCAST: Nelcast Limited
NELCO,NELCO: NELCO Limited
NEOGEN,NEOGEN: Neogen Chemicals Limited
NESCO,NESCO: Nesco Limited
NESTLEIND,NESTLEIND: Nestle India Limited
NETWEB,NETWEB: Netweb Technologies India Limited
NETWORK18,NETWORK18: Network18 Media & Investments Limited
NEULANDLAB,NEULANDLAB: Neuland Laboratories Limited
NEWGEN,NEWGEN: Newgen Software Technologies Limited
NEXTMEDIA,NEXTMEDIA: Next Mediaworks Limited
NFL,NFL: National Fertilizers Limited
NGIL,NGIL: Nakoda Group of Industries Limited
NGLFINE,NGLFINE: NGL Fine-Chem Limited
NH,NH: Narayana Hrudayalaya Ltd.
NHPC,NHPC: NHPC Limited
NIACL,NIACL: The New India Assurance Company Limited
NIBL,NIBL: NRB Industrial Bearings Limited
NIITLTD,NIITLTD: NIIT Limited
NIITMTS,NIITMTS: NIIT Learning Systems Limited
NILAINFRA,NILAINFRA: Nila Infrastructures Limited
NILASPACES,NILASPACES: Nila Spaces Limited
NILKAMAL,NILKAMAL: Nilkamal Limited
NINSYS,NINSYS: NINtec Systems Limited
NIPPOBATRY,NIPPOBATRY: Indo-National Limited
NIRAJ,NIRAJ: Niraj Cement Structurals Limited
NIRAJISPAT,NIRAJISPAT: Niraj Ispat Industries Limited
NITCO,NITCO: Nitco Limited
NITINSPIN,NITINSPIN: Nitin Spinners Limited
NITIRAJ,NITIRAJ: Nitiraj Engineers Limited
NKIND,NKIND: NK Industries Limited
NLCINDIA,NLCINDIA: NLC India Limited
NMDC,NMDC: NMDC Limited
NOCIL,NOCIL: NOCIL Limited
NOIDATOLL,NOIDATOLL: Noida Toll Bridge Company Limited
NORBTEAEXP,NORBTEAEXP: Norben Tea & Exports Limited
NOVAAGRI,NOVAAGRI: Nova Agritech Limited
NRAIL,NRAIL: N R Agarwal Industries Limited
NRBBEARING,NRBBEARING: NRB Bearing Limited
NRL,NRL: Nupur Recyclers Limited
NSIL,NSIL: Nalwa Sons Investments Limited
NSLNISP,NSLNISP: NMDC Steel Limited
NTL,NTL: Neueon Towers Limited
NTPC,NTPC: NTPC Limited
NUCLEUS,NUCLEUS: Nucleus Software Exports Limited
NURECA,NURECA: Nureca Limited
NUVAMA,NUVAMA: Nuvama Wealth Management Limited
NUVOCO,NUVOCO: Nuvoco Vistas Corporation Limited
NYKAA,NYKAA: FSN E-Commerce Ventures Limited
OAL,OAL: Oriental Aromatics Limited
OBCL,OBCL: Orissa Bengal Carrier Limited
OBEROIRLTY,OBEROIRLTY: Oberoi Realty Limited
OCCL,OCCL: Oriental Carbon & Chemicals Limited
OFSS,OFSS: Oracle Financial Services Software Limited
OIL,OIL: Oil India Limited
OILCOUNTUB,OILCOUNTUB: Oil Country Tubular Limited
OLECTRA,OLECTRA: Olectra Greentech Limited
OMAXAUTO,OMAXAUTO: Omax Autos Limited
OMAXE,OMAXE: Omaxe Limited
OMINFRAL,OMINFRAL: OM INFRA LIMITED
ONELIFECAP,ONELIFECAP: Onelife Capital Advisors Limited
ONEPOINT,ONEPOINT: One Point One Solutions Limited
ONGC,ONGC: Oil & Natural Gas Corporation Limited
ONMOBILE,ONMOBILE: OnMobile Global Limited
ONWARDTEC,ONWARDTEC: Onward Technologies Limited
OPTIEMUS,OPTIEMUS: Optiemus Infracom Limited
ORBTEXP,ORBTEXP: Orbit Exports Limited
ORCHPHARMA,ORCHPHARMA: Orchid Pharma Limited
ORICONENT,ORICONENT: Oricon Enterprises Limited
ORIENTALTL,ORIENTALTL: Oriental Trimex Limited
ORIENTBELL,ORIENTBELL: Orient Bell Limited
ORIENTCEM,ORIENTCEM: Orient Cement Limited
ORIENTCER,ORIENTCER: ORIENT CERATECH LIMITED
ORIENTELEC,ORIENTELEC: Orient Electric Limited
ORIENTHOT,ORIENTHOT: Oriental Hotels Limited
ORIENTLTD,ORIENTLTD: Orient Press Limited
ORIENTPPR,ORIENTPPR: Orient Paper & Industries Limited
ORISSAMINE,ORISSAMINE: The Orissa Minerals Development Company Limited
ORTEL,ORTEL: Ortel Communications Limited
ORTINLAB,ORTINLAB: Ortin Laboratories Limited
OSIAHYPER,OSIAHYPER: Osia Hyper Retail Limited
OSWALAGRO,OSWALAGRO: Oswal Agro Mills Limited
OSWALGREEN,OSWALGREEN: Oswal Greentech Limited
OSWALSEEDS,OSWALSEEDS: ShreeOswal Seeds And Chemicals Limited
PAGEIND,PAGEIND: Page Industries Limited
PAISALO,PAISALO: Paisalo Digital Limited
PAKKA,PAKKA: PAKKA LIMITED
PALASHSECU,PALASHSECU: Palash Securities Limited
PALREDTEC,PALREDTEC: Palred Technologies Limited
PANACEABIO,PANACEABIO: Panacea Biotec Limited
PANACHE,PANACHE: Panache Digilife Limited
PANAMAPET,PANAMAPET: Panama Petrochem Limited
PANSARI,PANSARI: Pansari Developers Limited
PAR,PAR: Par Drugs And Chemicals Limited
PARACABLES,PARACABLES: Paramount Communications Limited
PARADEEP,PARADEEP: Paradeep Phosphates Limited
PARAGMILK,PARAGMILK: Parag Milk Foods Limited
PARAS,PARAS: Paras Defence and Space Technologies Limited
PARASPETRO,PARASPETRO: Paras Petrofils Limited
PARKHOTELS,PARKHOTELS: Apeejay Surrendra Park Hotels Limited
PARSVNATH,PARSVNATH: Parsvnath Developers Limited
PASUPTAC,PASUPTAC: Pasupati Acrylon Limited
PATANJALI,PATANJALI: Patanjali Foods Limited
PATELENG,PATELENG: Patel Engineering Limited
PATINTLOG,PATINTLOG: Patel Integrated Logistics Limited
PAVNAIND,PAVNAIND: Pavna Industries Limited
PAYTM,PAYTM: One 97 Communications Limited
PCBL,PCBL: PCBL LIMITED
PCJEWELLER,PCJEWELLER: PC Jeweller Limited
PDMJEPAPER,PDMJEPAPER: Pudumjee Paper Products Limited
PDSL,PDSL: PDS Limited
PEARLPOLY,PEARLPOLY: Pearl Polymers Limited
PEL,PEL: Piramal Enterprises Limited
PENIND,PENIND: Pennar Industries Limited
PENINLAND,PENINLAND: Peninsula Land Limited
PERSISTENT,PERSISTENT: Persistent Systems Limited
PETRONET,PETRONET: Petronet LNG Limited
PFC,PFC: Power Finance Corporation Limited
PFIZER,PFIZER: Pfizer Limited
PFOCUS,PFOCUS: Prime Focus Limited
PFS,PFS: PTC India Financial Services Limited
PGEL,PGEL: PG Electroplast Limited
PGHH,PGHH: Procter & Gamble Hygiene and Health Care Limited
PGHL,PGHL: Procter & Gamble Health Limited
PGIL,PGIL: Pearl Global Industries Limited
PHOENIXLTD,PHOENIXLTD: The Phoenix Mills Limited
PIDILITIND,PIDILITIND: Pidilite Industries Limited
PIGL,PIGL: Power & Instrumentation (Gujarat) Limited
PIIND,PIIND: PI Industries Limited
PILANIINVS,PILANIINVS: Pilani Investment and Industries Corporation Limited
PILITA,PILITA: PIL ITALICA LIFESTYLE LIMITED
PIONEEREMB,PIONEEREMB: Pioneer Embroideries Limited
PITTIENG,PITTIENG: Pitti Engineering Limited
PIXTRANS,PIXTRANS: Pix Transmissions Limited
PKTEA,PKTEA: The Peria Karamalai Tea & Produce Company Limited
PLASTIBLEN,PLASTIBLEN: Plastiblends India Limited
PLATIND,PLATIND: Platinum Industries Limited
PLAZACABLE,PLAZACABLE: Plaza Wires Limited
PNB,PNB: Punjab National Bank
PNBGILTS,PNBGILTS: PNB Gilts Limited
PNBHOUSING,PNBHOUSING: PNB Housing Finance Limited
PNC,PNC: Pritish Nandy Communications Limited
PNCINFRA,PNCINFRA: PNC Infratech Limited
POCL,POCL: Pondy Oxides & Chemicals Limited
PODDARHOUS,PODDARHOUS: Poddar Housing and Development Limited
PODDARMENT,PODDARMENT: Poddar Pigments Limited
POKARNA,POKARNA: Pokarna Limited
POLICYBZR,POLICYBZR: PB Fintech Limited
POLYCAB,POLYCAB: Polycab India Limited
POLYMED,POLYMED: Poly Medicure Limited
POLYPLEX,POLYPLEX: Polyplex Corporation Limited
PONNIERODE,PONNIERODE: Ponni Sugars (Erode) Limited
POONAWALLA,POONAWALLA: Poonawalla Fincorp Limited
POWERGRID,POWERGRID: Power Grid Corporation of India Limited
POWERINDIA,POWERINDIA: Hitachi Energy India Limited
POWERMECH,POWERMECH: Power Mech Projects Limited
PPAP,PPAP: PPAP Automotive Limited
PPL,PPL: Prakash Pipes Limited
PPLPHARMA,PPLPHARMA: Piramal Pharma Limited
PRAENG,PRAENG: Prajay Engineers Syndicate Limited
PRAJIND,PRAJIND: Praj Industries Limited
PRAKASH,PRAKASH: Prakash Industries Limited
PRAKASHSTL,PRAKASHSTL: Prakash Steelage Limited
PRAXIS,PRAXIS: Praxis Home Retail Limited
PRECAM,PRECAM: Precision Camshafts Limited
PRECOT,PRECOT: Precot Limited
PRECWIRE,PRECWIRE: Precision Wires India Limited
PREMEXPLN,PREMEXPLN: Premier Explosives Limited
PREMIERPOL,PREMIERPOL: Premier Polyfilm Limited
PRESTIGE,PRESTIGE: Prestige Estates Projects Limited
PRICOLLTD,PRICOLLTD: Pricol Limited
PRIMESECU,PRIMESECU: Prime Securities Limited
PRINCEPIPE,PRINCEPIPE: Prince Pipes And Fittings Limited
PRITI,PRITI: Priti International Limited
PRITIKAUTO,PRITIKAUTO: Pritika Auto Industries Limited
PRIVISCL,PRIVISCL: Privi Speciality Chemicals Limited
PROZONER,PROZONER: Prozone Realty Limited
PRSMJOHNSN,PRSMJOHNSN: Prism Johnson Limited
PRUDENT,PRUDENT: Prudent Corporate Advisory Services Limited
PRUDMOULI,PRUDMOULI: Prudential Sugar Corporation Limited
PSB,PSB: Punjab & Sind Bank
PSPPROJECT,PSPPROJECT: PSP Projects Limited
PTC,PTC: PTC India Limited
PTCIL,PTCIL: PTC Industries Limited
PTL,PTL: PTL Enterprises Limited
PUNJABCHEM,PUNJABCHEM: Punjab Chemicals & Crop Protection Limited
PURVA,PURVA: Puravankara Limited
PVP,PVP: PVP Ventures Limited
PVRINOX,PVRINOX: PVR INOX Limited
PVSL,PVSL: Popular Vehicles and Services Limited
PYRAMID,PYRAMID: Pyramid Technoplast Limited
QUESS,QUESS: Quess Corp Limited
QUICKHEAL,QUICKHEAL: Quick Heal Technologies Limited
RACE,RACE: Race Eco Chain Limited
RADHIKAJWE,RADHIKAJWE: Radhika Jeweltech Limited
RADIANTCMS,RADIANTCMS: Radiant Cash Management Services Limited
RADICO,RADICO: Radico Khaitan Limited
RADIOCITY,RADIOCITY: Music Broadcast Limited
RAILTEL,RAILTEL: Railtel Corporation Of India Limited
RAIN,RAIN: Rain Industries Limited
RAINBOW,RAINBOW: Rainbow Childrens Medicare Limited
RAJESHEXPO,RAJESHEXPO: Rajesh Exports Limited
RAJMET,RAJMET: Rajnandini Metal Limited
RAJRATAN,RAJRATAN: Rajratan Global Wire Limited
RAJRILTD,RAJRILTD: Raj Rayon Industries Limited
RAJSREESUG,RAJSREESUG: Rajshree Sugars & Chemicals Limited
RAJTV,RAJTV: Raj Television Network Limited
RALLIS,RALLIS: Rallis India Limited
RAMANEWS,RAMANEWS: Shree Rama Newsprint Limited
RAMAPHO,RAMAPHO: Rama Phosphates Limited
RAMASTEEL,RAMASTEEL: Rama Steel Tubes Limited
RAMCOCEM,RAMCOCEM: The Ramco Cements Limited
RAMCOIND,RAMCOIND: Ramco Industries Limited
RAMCOSYS,RAMCOSYS: Ramco Systems Limited
RAMKY,RAMKY: Ramky Infrastructure Limited
RAMRAT,RAMRAT: Ram Ratna Wires Limited
RANASUG,RANASUG: Rana Sugars Limited
RANEENGINE,RANEENGINE: Rane Engine Valve Limited
RANEHOLDIN,RANEHOLDIN: Rane Holdings Limited
RATEGAIN,RATEGAIN: Rategain Travel Technologies Limited
RATNAMANI,RATNAMANI: Ratnamani Metals & Tubes Limited
RATNAVEER,RATNAVEER: Ratnaveer Precision Engineering Limited
RAYMOND,RAYMOND: Raymond Limited
RBA,RBA: Restaurant Brands Asia Limited
RBL,RBL: Rane Brake Lining Limited
RBLBANK,RBLBANK: RBL Bank Limited
RBZJEWEL,RBZJEWEL: RBZ Jewellers Limited
RCF,RCF: Rashtriya Chemicals and Fertilizers Limited
RCOM,RCOM: Reliance Communications Limited
RECLTD,RECLTD: REC Limited
REDINGTON,REDINGTON: Redington Limited
REDTAPE,REDTAPE: Redtape Limited
REFEX,REFEX: Refex Industries Limited
REGENCERAM,REGENCERAM: Regency Ceramics Limited
RELAXO,RELAXO: Relaxo Footwears Limited
RELCHEMQ,RELCHEMQ: Reliance Chemotex Industries Limited
RELIABLE,RELIABLE: Reliable Data Services Limited
RELIANCE,RELIANCE: Reliance Industries Limited
RELIGARE,RELIGARE: Religare Enterprises Limited
RELINFRA,RELINFRA: Reliance Infrastructure Limited
RELTD,RELTD: Ravindra Energy Limited
REMSONSIND,REMSONSIND: Remsons Industries Limited
RENUKA,RENUKA: Shree Renuka Sugars Limited
REPCOHOME,REPCOHOME: Repco Home Finance Limited
REPL,REPL: Rudrabhishek Enterprises Limited
REPRO,REPRO: Repro India Limited
RESPONIND,RESPONIND: Responsive Industries Limited
RETAIL,RETAIL: JHS Svendgaard Retail Ventures Limited
RGL,RGL: Renaissance Global Limited
RHFL,RHFL: Reliance Home Finance Limited
RHIM,RHIM: RHI MAGNESITA INDIA LIMITED
RHL,RHL: Robust Hotels Limited
RICOAUTO,RICOAUTO: Rico Auto Industries Limited
RIIL,RIIL: Reliance Industrial Infrastructure Limited
RISHABH,RISHABH: Rishabh Instruments Limited
RITCO,RITCO: Ritco Logistics Limited
RITES,RITES: RITES Limited
RKDL,RKDL: Ravi Kumar Distilleries Limited
RKEC,RKEC: RKEC Projects Limited
RKFORGE,RKFORGE: Ramkrishna Forgings Limited
RKSWAMY,RKSWAMY: R K Swamy Limited
RML,RML: Rane (Madras) Limited
ROHLTD,ROHLTD: Royal Orchid Hotels Limited
ROLEXRINGS,ROLEXRINGS: Rolex Rings Limited
ROLLT,ROLLT: Rollatainers Limited
ROLTA,ROLTA: Rolta India Limited
ROML,ROML: Raj Oil Mills Limited
ROSSARI,ROSSARI: Rossari Biotech Limited
ROSSELLIND,ROSSELLIND: Rossell India Limited
ROTO,ROTO: Roto Pumps Limited
ROUTE,ROUTE: ROUTE MOBILE LIMITED
RPGLIFE,RPGLIFE: RPG Life Sciences Limited
RPOWER,RPOWER: Reliance Power Limited
RPPINFRA,RPPINFRA: R.P.P. Infra Projects Limited
RPPL,RPPL: Rajshree Polypack Limited
RPSGVENT,RPSGVENT: RPSG VENTURES LIMITED
RPTECH,RPTECH: Rashi Peripherals Limited
RRKABEL,RRKABEL: R R Kabel Limited
RSSOFTWARE,RSSOFTWARE: R. S. Software (India) Limited
RSWM,RSWM: RSWM Limited
RSYSTEMS,RSYSTEMS: R Systems International Limited
RTNINDIA,RTNINDIA: RattanIndia Enterprises Limited
RTNPOWER,RTNPOWER: RattanIndia Power Limited
RUBYMILLS,RUBYMILLS: The Ruby Mills Limited
RUCHINFRA,RUCHINFRA: Ruchi Infrastructure Limited
RUCHIRA,RUCHIRA: Ruchira Papers Limited
RUPA,RUPA: Rupa & Company Limited
RUSHIL,RUSHIL: Rushil Decor Limited
RUSTOMJEE,RUSTOMJEE: Keystone Realtors Limited
RVHL,RVHL: Ravinder Heights Limited
RVNL,RVNL: Rail Vikas Nigam Limited
S&SPOWER,S&SPOWER: S&S Power Switchgears Limited
SABEVENTS,SABEVENTS: Sab Events & Governance Now Media Limited
SABTNL,SABTNL: Sri Adhikari Brothers Television Network Limited
SADBHAV,SADBHAV: Sadbhav Engineering Limited
SADBHIN,SADBHIN: Sadbhav Infrastructure Project Limited
SADHNANIQ,SADHNANIQ: Sadhana Nitrochem Limited
SAFARI,SAFARI: Safari Industries (India) Limited
SAGARDEEP,SAGARDEEP: Sagardeep Alloys Limited
SAGCEM,SAGCEM: Sagar Cements Limited
SAH,SAH: Sah Polymers Limited
SAHYADRI,SAHYADRI: Sahyadri Industries Limited
SAIL,SAIL: Steel Authority of India Limited
SAKAR,SAKAR: Sakar Healthcare Limited
SAKHTISUG,SAKHTISUG: Sakthi Sugars Limited
SAKSOFT,SAKSOFT: Saksoft Limited
SAKUMA,SAKUMA: Sakuma Exports Limited
SALASAR,SALASAR: Salasar Techno Engineering Limited
SALONA,SALONA: Salona Cotspin Limited
SALSTEEL,SALSTEEL: S.A.L. Steel Limited
SALZERELEC,SALZERELEC: Salzer Electronics Limited
SAMBHAAV,SAMBHAAV: Sambhaav Media Limited
SAMHI,SAMHI: Samhi Hotels Limited
SAMMAANCAP,SAMMAANCAP: Sammaan Capital Limited
SAMPANN,SAMPANN: Sampann Utpadan India Limited
SANCO,SANCO: Sanco Industries Limited
SANDESH,SANDESH: The Sandesh Limited
SANDHAR,SANDHAR: Sandhar Technologies Limited
SANDUMA,SANDUMA: Sandur Manganese & Iron Ores Limited
SANGAMIND,SANGAMIND: Sangam (India) Limited
SANGHIIND,SANGHIIND: Sanghi Industries Limited
SANGHVIMOV,SANGHVIMOV: Sanghvi Movers Limited
SANGINITA,SANGINITA: Sanginita Chemicals Limited
SANOFI,SANOFI: Sanofi India Limited
SANSERA,SANSERA: Sansera Engineering Limited
SANSTAR,SANSTAR: Sanstar Limited
SANWARIA,SANWARIA: Sanwaria Consumer Limited
SAPPHIRE,SAPPHIRE: Sapphire Foods India Limited
SARDAEN,SARDAEN: Sarda Energy & Minerals Limited
SAREGAMA,SAREGAMA: Saregama India Limited
SARLAPOLY,SARLAPOLY: Sarla Performance Fibers Limited
SARVESHWAR,SARVESHWAR: Sarveshwar Foods Limited
SASKEN,SASKEN: Sasken Technologies Limited
SASTASUNDR,SASTASUNDR: Sastasundar Ventures Limited
SATIA,SATIA: Satia Industries Limited
SATIN,SATIN: Satin Creditcare Network Limited
SATINDLTD,SATINDLTD: Sat Industries Limited
SAURASHCEM,SAURASHCEM: Saurashtra Cement Limited
SBC,SBC: SBC Exports Limited
SBCL,SBCL: Shivalik Bimetal Controls Limited
SBFC,SBFC: SBFC Finance Limited
SBGLP,SBGLP: Suratwwala Business Group Limited
SBICARD,SBICARD: SBI Cards and Payment Services Limited
SBILIFE,SBILIFE: SBI Life Insurance Company Limited
SBIN,SBIN: State Bank of India
SCHAEFFLER,SCHAEFFLER: Schaeffler India Limited
SCHAND,SCHAND: S Chand And Company Limited
SCHNEIDER,SCHNEIDER: Schneider Electric Infrastructure Limited
SCI,SCI: Shipping Corporation Of India Limited
SCILAL,SCILAL: Shipping Corporation of India Land and Assets Limited
SCPL,SCPL: Sheetal Cool Products Limited
SDBL,SDBL: Som Distilleries & Breweries Limited
SEAMECLTD,SEAMECLTD: Seamec Limited
SECMARK,SECMARK: SecMark Consultancy Limited
SECURCRED,SECURCRED: SecUR Credentials Limited
SECURKLOUD,SECURKLOUD: SECUREKLOUD TECHNOLOGIES LIMITED
SEJALLTD,SEJALLTD: Sejal Glass Limited
SELAN,SELAN: Selan Exploration Technology Limited
SELMC,SELMC: SEL Manufacturing Company Limited
SEMAC,SEMAC: SEMAC CONSULTANTS LIMITED
SENCO,SENCO: Senco Gold Limited
SEPC,SEPC: SEPC Limited
SEQUENT,SEQUENT: Sequent Scientific Limited
SERVOTECH,SERVOTECH: Servotech Power Systems Limited
SESHAPAPER,SESHAPAPER: Seshasayee Paper and Boards Limited
SETCO,SETCO: Setco Automotive Limited
SETUINFRA,SETUINFRA: Setubandhan Infrastructure Limited
SFL,SFL: Sheela Foam Limited
SGIL,SGIL: Synergy Green Industries Limited
SGL,SGL: STL Global Limited
SHAH,SHAH: Shah Metacorp Limited
SHAHALLOYS,SHAHALLOYS: Shah Alloys Limited
SHAILY,SHAILY: Shaily Engineering Plastics Limited
SHAKTIPUMP,SHAKTIPUMP: Shakti Pumps (India) Limited
SHALBY,SHALBY: Shalby Limited
SHALPAINTS,SHALPAINTS: Shalimar Paints Limited
SHANKARA,SHANKARA: Shankara Building Products Limited
SHANTI,SHANTI: Shanti Overseas (India) Limited
SHANTIGEAR,SHANTIGEAR: Shanthi Gears Limited
SHARDACROP,SHARDACROP: Sharda Cropchem Limited
SHARDAMOTR,SHARDAMOTR: Sharda Motor Industries Limited
SHAREINDIA,SHAREINDIA: Share India Securities Limited
SHEMAROO,SHEMAROO: Shemaroo Entertainment Limited
SHILPAMED,SHILPAMED: Shilpa Medicare Limited
SHIVALIK,SHIVALIK: Shivalik Rasayan Limited
SHIVAMAUTO,SHIVAMAUTO: Shivam Autotech Limited
SHIVAMILLS,SHIVAMILLS: Shiva Mills Limited
SHIVATEX,SHIVATEX: Shiva Texyarn Limited
SHK,SHK: S H Kelkar and Company Limited
SHOPERSTOP,SHOPERSTOP: Shoppers Stop Limited
SHRADHA,SHRADHA: Shradha Infraprojects Limited
SHREDIGCEM,SHREDIGCEM: Shree Digvijay Cement Co.Ltd
SHREECEM,SHREECEM: SHREE CEMENT LIMITED
SHREEPUSHK,SHREEPUSHK: Shree Pushkar Chemicals & Fertilisers Limited
SHREERAMA,SHREERAMA: Shree Rama Multi-Tech Limited
SHRENIK,SHRENIK: Shrenik Limited
SHREYANIND,SHREYANIND: Shreyans Industries Limited
SHREYAS,SHREYAS: Shreyas Shipping & Logistics Limited
SHRIPISTON,SHRIPISTON: Shriram Pistons & Rings Limited
SHRIRAMFIN,SHRIRAMFIN: Shriram Finance Limited
SHRIRAMPPS,SHRIRAMPPS: Shriram Properties Limited
SHYAMCENT,SHYAMCENT: Shyam Century Ferrous Limited
SHYAMMETL,SHYAMMETL: Shyam Metalics and Energy Limited
SHYAMTEL,SHYAMTEL: Shyam Telecom Limited
SIEMENS,SIEMENS: Siemens Limited
SIGACHI,SIGACHI: Sigachi Industries Limited
SIGIND,SIGIND: Signet Industries Limited
SIGMA,SIGMA: Sigma Solve Limited
SIGNATURE,SIGNATURE: Signatureglobal (India) Limited
SIGNPOST,SIGNPOST: Signpost India Limited
SIKKO,SIKKO: Sikko Industries Limited
SIL,SIL: Standard Industries Limited
SILGO,SILGO: Silgo Retail Limited
SILINV,SILINV: SIL Investments Limited
SILLYMONKS,SILLYMONKS: Silly Monks Entertainment Limited
SILVERTUC,SILVERTUC: Silver Touch Technologies Limited
SIMBHALS,SIMBHALS: Simbhaoli Sugars Limited
SIMPLEXINF,SIMPLEXINF: Simplex Infrastructures Limited
SINCLAIR,SINCLAIR: Sinclairs Hotels Limited
SINDHUTRAD,SINDHUTRAD: Sindhu Trade Links Limited
SINTERCOM,SINTERCOM: Sintercom India Limited
SIRCA,SIRCA: Sirca Paints India Limited
SIS,SIS: SIS LIMITED
SITINET,SITINET: Siti Networks Limited
SIYSIL,SIYSIL: Siyaram Silk Mills Limited
SJS,SJS: S.J.S. Enterprises Limited
SJVN,SJVN: SJVN Limited
SKFINDIA,SKFINDIA: SKF India Limited
SKIPPER,SKIPPER: Skipper Limited
SKMEGGPROD,SKMEGGPROD: SKM Egg Products Export (India) Limited
SKYGOLD,SKYGOLD: Sky Gold Limited
SMARTLINK,SMARTLINK: Smartlink Holdings Limited
SMCGLOBAL,SMCGLOBAL: SMC Global Securities Limited
SMLISUZU,SMLISUZU: SML Isuzu Limited
SMLT,SMLT: Sarthak Metals Limited
SMSLIFE,SMSLIFE: SMS Lifesciences India Limited
SMSPHARMA,SMSPHARMA: SMS Pharmaceuticals Limited
SNOWMAN,SNOWMAN: Snowman Logistics Limited
SOBHA,SOBHA: Sobha Limited
SOFTTECH,SOFTTECH: Softtech Engineers Limited
SOLARA,SOLARA: Solara Active Pharma Sciences Limited
SOLARINDS,SOLARINDS: Solar Industries India Limited
SOMANYCERA,SOMANYCERA: Somany Ceramics Limited
SOMATEX,SOMATEX: Soma Textiles & Industries Limited
SOMICONVEY,SOMICONVEY: Somi Conveyor Beltings Limited
SONACOMS,SONACOMS: Sona BLW Precision Forgings Limited
SONAMLTD,SONAMLTD: SONAM LIMITED
SONATSOFTW,SONATSOFTW: Sonata Software Limited
SOTL,SOTL: Savita Oil Technologies Limited
SOUTHBANK,SOUTHBANK: The South Indian Bank Limited
SOUTHWEST,SOUTHWEST: South West Pinnacle Exploration Limited
SPAL,SPAL: S. P. Apparels Limited
SPANDANA,SPANDANA: Spandana Sphoorty Financial Limited
SPARC,SPARC: Sun Pharma Advanced Research Company Limited
SPCENET,SPCENET: Spacenet Enterprises India Limited
SPECIALITY,SPECIALITY: Speciality Restaurants Limited
SPENCERS,SPENCERS: Spencer's Retail Limited
SPIC,SPIC: Southern Petrochemicals Industries Corporation  Limited
SPLIL,SPLIL: SPL Industries Limited
SPLPETRO,SPLPETRO: Supreme Petrochem Limited
SPMLINFRA,SPMLINFRA: SPML Infra Limited
SPORTKING,SPORTKING: Sportking India Limited
SPYL,SPYL: Shekhawati Poly-Yarn Limited
SREEL,SREEL: Sreeleathers Limited
SRF,SRF: SRF Limited
SRGHFL,SRGHFL: SRG Housing Finance Limited
SRHHYPOLTD,SRHHYPOLTD: Sree Rayalaseema Hi-Strength Hypo Limited
SRM,SRM: SRM Contractors Limited
SRPL,SRPL: Shree Ram Proteins Limited
SSWL,SSWL: Steel Strips Wheels Limited
STANLEY,STANLEY: Stanley Lifestyles Limited
STAR,STAR: Strides Pharma Science Limited
STARCEMENT,STARCEMENT: Star Cement Limited
STARHEALTH,STARHEALTH: Star Health and Allied Insurance Company Limited
STARPAPER,STARPAPER: Star Paper Mills Limited
STARTECK,STARTECK: Starteck Finance Limited
STCINDIA,STCINDIA: The State Trading Corporation of India Limited
STEELCAS,STEELCAS: Steelcast Limited
STEELCITY,STEELCITY: Steel City Securities Limited
STEELXIND,STEELXIND: STEEL EXCHANGE INDIA LIMITED
STEL,STEL: Stel Holdings Limited
STERTOOLS,STERTOOLS: Sterling Tools Limited
STLTECH,STLTECH: Sterlite Technologies Limited
STOVEKRAFT,STOVEKRAFT: Stove Kraft Limited
STYLAMIND,STYLAMIND: Stylam Industries Limited
STYRENIX,STYRENIX: Styrenix Performance Materials Limited
SUBEXLTD,SUBEXLTD: Subex Limited
SUBROS,SUBROS: Subros Limited
SUDARSCHEM,SUDARSCHEM: Sudarshan Chemical Industries Limited
SUKHJITS,SUKHJITS: Sukhjit Starch & Chemicals Limited
SULA,SULA: Sula Vineyards Limited
SUMEETINDS,SUMEETINDS: Sumeet Industries Limited
SUMICHEM,SUMICHEM: Sumitomo Chemical India Limited
SUMIT,SUMIT: Sumit Woods Limited
SUMMITSEC,SUMMITSEC: Summit Securities Limited
SUNCLAY,SUNCLAY: Sundaram Clayton Limited
SUNDARAM,SUNDARAM: Sundaram Multi Pap Limited
SUNDARMFIN,SUNDARMFIN: Sundaram Finance Limited
SUNDARMHLD,SUNDARMHLD: Sundaram Finance Holdings Limited
SUNDRMBRAK,SUNDRMBRAK: Sundaram Brake Linings Limited
SUNDRMFAST,SUNDRMFAST: Sundram Fasteners Limited
SUNFLAG,SUNFLAG: Sunflag Iron And Steel Company Limited
SUNPHARMA,SUNPHARMA: Sun Pharmaceutical Industries Limited
SUNTECK,SUNTECK: Sunteck Realty Limited
SUNTV,SUNTV: Sun TV Network Limited
SUPERHOUSE,SUPERHOUSE: Superhouse Limited
SUPERSPIN,SUPERSPIN: Super Spinning Mills Limited
SUPRAJIT,SUPRAJIT: Suprajit Engineering Limited
SUPREMEENG,SUPREMEENG: Supreme Engineering Limited
SUPREMEIND,SUPREMEIND: Supreme Industries Limited
SUPREMEINF,SUPREMEINF: Supreme Infrastructure India Limited
SUPRIYA,SUPRIYA: Supriya Lifescience Limited
SURAJEST,SURAJEST: Suraj Estate Developers Limited
SURANASOL,SURANASOL: Surana Solar Limited
SURANAT&P,SURANAT&P: Surana Telecom and Power Limited
SURYALAXMI,SURYALAXMI: Suryalakshmi Cotton Mills Limited
SURYAROSNI,SURYAROSNI: Surya Roshni Limited
SURYODAY,SURYODAY: Suryoday Small Finance Bank Limited
SUTLEJTEX,SUTLEJTEX: Sutlej Textiles and Industries Limited
SUULD,SUULD: Suumaya Industries Limited
SUVEN,SUVEN: Suven Life Sciences Limited
SUVENPHAR,SUVENPHAR: Suven Pharmaceuticals Limited
SUVIDHAA,SUVIDHAA: Suvidhaa Infoserve Limited
SUZLON,SUZLON: Suzlon Energy Limited
SVLL,SVLL: Shree Vasu Logistics Limited
SVPGLOB,SVPGLOB: SVP GLOBAL TEXTILES LIMITED
SWANENERGY,SWANENERGY: Swan Energy Limited
SWARAJENG,SWARAJENG: Swaraj Engines Limited
SWELECTES,SWELECTES: Swelect Energy Systems Limited
SWSOLAR,SWSOLAR: Sterling and Wilson Renewable Energy Limited
SYMPHONY,SYMPHONY: Symphony Limited
SYNCOMF,SYNCOMF: Syncom Formulations (India) Limited
SYNGENE,SYNGENE: Syngene International Limited
SYRMA,SYRMA: Syrma SGS Technology Limited
TAINWALCHM,TAINWALCHM: Tainwala Chemical and Plastic (I) Limited
TAJGVK,TAJGVK: Taj GVK Hotels & Resorts Limited
TAKE,TAKE: Take Solutions Limited
TALBROAUTO,TALBROAUTO: Talbros Automotive Components Limited
TANLA,TANLA: Tanla Platforms Limited
TARACHAND,TARACHAND: Tara Chand InfraLogistic Solutions Limited
TARAPUR,TARAPUR: Tarapur Transformers Limited
TARC,TARC: Anant Raj Global Limited
TARMAT,TARMAT: Tarmat Limited
TARSONS,TARSONS: Tarsons Products Limited
TASTYBITE,TASTYBITE: Tasty Bite Eatables Limited
TATACHEM,TATACHEM: Tata Chemicals Limited
TATACOMM,TATACOMM: Tata Communications Limited
TATACON-RE,TATACON-RE: TATA CONS PRODUCTS LTD-RE
TATACONSUM,TATACONSUM: TATA CONSUMER PRODUCTS LIMITED
TATAELXSI,TATAELXSI: Tata Elxsi Limited
TATAINVEST,TATAINVEST: Tata Investment Corporation Limited
TATAMOTORS,TATAMOTORS: Tata Motors Limited
TATAMTRDVR,TATAMTRDVR: Tata Motors Limited
TATAPOWER,TATAPOWER: Tata Power Company Limited
TATASTEEL,TATASTEEL: Tata Steel Limited
TATATECH,TATATECH: Tata Technologies Limited
TATVA,TATVA: Tatva Chintan Pharma Chem Limited
TBOTEK,TBOTEK: TBO Tek Limited
TBZ,TBZ: Tribhovandas Bhimji Zaveri Limited
TCI,TCI: Transport Corporation of India Limited
TCIEXP,TCIEXP: TCI Express Limited
TCIFINANCE,TCIFINANCE: TCI Finance Limited
TCLCONS,TCLCONS: Tantia Constructions Limited
TCNSBRANDS,TCNSBRANDS: TCNS Clothing Co. Limited
TCPLPACK,TCPLPACK: TCPL Packaging Limited
TCS,TCS: Tata Consultancy Services Limited
TDPOWERSYS,TDPOWERSYS: TD Power Systems Limited
TEAMLEASE,TEAMLEASE: Teamlease Services Limited
TECHIN,TECHIN: Techindia Nirman Limited
TECHM,TECHM: Tech Mahindra Limited
TECHNOE,TECHNOE: Techno Electric & Engineering Company Limited
TECILCHEM,TECILCHEM: TECIL Chemicals and Hydro Power Limited
TEGA,TEGA: Tega Industries Limited
TEJASNET,TEJASNET: Tejas Networks Limited
TEMBO,TEMBO: Tembo Global Industries Limited
TERASOFT,TERASOFT: Tera Software Limited
TEXINFRA,TEXINFRA: Texmaco Infrastructure & Holdings Limited
TEXMOPIPES,TEXMOPIPES: Texmo Pipes and Products Limited
TEXRAIL,TEXRAIL: Texmaco Rail & Engineering Limited
TFCILTD,TFCILTD: Tourism Finance Corporation of India Limited
TFL,TFL: Transwarranty Finance Limited
TGBHOTELS,TGBHOTELS: TGB Banquets And Hotels Limited
THANGAMAYL,THANGAMAYL: Thangamayil Jewellery Limited
THEINVEST,THEINVEST: The Investment Trust Of India Limited
THEJO,THEJO: Thejo Engineering Limited
THEMISMED,THEMISMED: Themis Medicare Limited
THERMAX,THERMAX: Thermax Limited
THOMASCOOK,THOMASCOOK: Thomas Cook  (India)  Limited
THOMASCOTT,THOMASCOTT: Thomas Scott (India) Limited
THYROCARE,THYROCARE: Thyrocare Technologies Limited
TI,TI: Tilaknagar Industries Limited
TIDEWATER,TIDEWATER: Tide Water Oil Company (India) Limited
TIIL,TIIL: Technocraft Industries (India) Limited
TIINDIA,TIINDIA: Tube Investments of India Limited
TIJARIA,TIJARIA: Tijaria Polypipes Limited
TIL,TIL: TIL Limited
TIMESGTY,TIMESGTY: Times Guaranty Limited
TIMETECHNO,TIMETECHNO: Time Technoplast Limited
TIMKEN,TIMKEN: Timken India Limited
TIPSFILMS,TIPSFILMS: Tips Films Limited
TIPSINDLTD,TIPSINDLTD: TIPS Industries Limited
TIRUMALCHM,TIRUMALCHM: Thirumalai Chemicals Limited
TIRUPATIFL,TIRUPATIFL: Tirupati Forge Limited
TITAGARH,TITAGARH: TITAGARH RAIL SYSTEMS LIMITED
TITAN,TITAN: Titan Company Limited
TMB,TMB: Tamilnad Mercantile Bank Limited
TNPETRO,TNPETRO: Tamilnadu PetroProducts Limited
TNPL,TNPL: Tamil Nadu Newsprint & Papers Limited
TNTELE,TNTELE: Tamilnadu Telecommunication Limited
TOKYOPLAST,TOKYOPLAST: Tokyo Plast International Limited
TORNTPHARM,TORNTPHARM: Torrent Pharmaceuticals Limited
TORNTPOWER,TORNTPOWER: Torrent Power Limited
TOTAL,TOTAL: Total Transport Systems Limited
TOUCHWOOD,TOUCHWOOD: Touchwood Entertainment Limited
TPHQ,TPHQ: Teamo Productions HQ Limited
TPLPLASTEH,TPLPLASTEH: TPL Plastech Limited
TRACXN,TRACXN: Tracxn Technologies Limited
TREEHOUSE,TREEHOUSE: Tree House Education & Accessories Limited
TREJHARA,TREJHARA: TREJHARA SOLUTIONS LIMITED
TREL,TREL: Transindia Real Estate Limited
TRENT,TRENT: Trent Limited
TRF,TRF: TRF Limited
TRIDENT,TRIDENT: Trident Limited
TRIGYN,TRIGYN: Trigyn Technologies Limited
TRIL,TRIL: Transformers And Rectifiers (India) Limited
TRITURBINE,TRITURBINE: Triveni Turbine Limited
TRIVENI,TRIVENI: Triveni Engineering & Industries Limited
TRU,TRU: TruCap Finance Limited
TTKHLTCARE,TTKHLTCARE: TTK Healthcare Limited
TTKPRESTIG,TTKPRESTIG: TTK Prestige Limited
TTL,TTL: T T Limited
TTML,TTML: Tata Teleservices (Maharashtra) Limited
TV18BRDCST,TV18BRDCST: TV18 Broadcast Limited
TVSELECT,TVSELECT: TVS Electronics Limited
TVSHLTD,TVSHLTD: TVS Holdings Limited
TVSMOTOR,TVSMOTOR: TVS Motor Company Limited
TVSSCS,TVSSCS: TVS Supply Chain Solutions Limited
TVSSRICHAK,TVSSRICHAK: TVS Srichakra Limited
TVTODAY,TVTODAY: TV Today Network Limited
TVVISION,TVVISION: TV Vision Limited
UBL,UBL: United Breweries Limited
UCAL,UCAL: UCAL LIMITED
UCOBANK,UCOBANK: UCO Bank
UDAICEMENT,UDAICEMENT: Udaipur Cement Works Limited
UDS,UDS: Updater Services Limited
UEL,UEL: Ujaas Energy Limited
UFLEX,UFLEX: UFLEX Limited
UFO,UFO: UFO Moviez India Limited
UGARSUGAR,UGARSUGAR: The Ugar Sugar Works Limited
UGROCAP,UGROCAP: Ugro Capital Limited
UJJIVANSFB,UJJIVANSFB: Ujjivan Small Finance Bank Limited
ULTRACEMCO,ULTRACEMCO: UltraTech Cement Limited
UMAEXPORTS,UMAEXPORTS: Uma Exports Limited
UMANGDAIRY,UMANGDAIRY: Umang Dairies Limited
UMESLTD,UMESLTD: Usha Martin Education & Solutions Limited
UNICHEMLAB,UNICHEMLAB: Unichem Laboratories Limited
UNIDT,UNIDT: United Drilling Tools Limited
UNIENTER,UNIENTER: Uniphos Enterprises Limited
UNIINFO,UNIINFO: Uniinfo Telecom Services Limited
UNIONBANK,UNIONBANK: Union Bank of India
UNIPARTS,UNIPARTS: Uniparts India Limited
UNITDSPR,UNITDSPR: United Spirits Limited
UNITECH,UNITECH: Unitech Limited
UNITEDPOLY,UNITEDPOLY: United Polyfab Gujarat Limited
UNITEDTEA,UNITEDTEA: The United Nilgiri Tea Estates Company Limited
UNIVASTU,UNIVASTU: Univastu India Limited
UNIVCABLES,UNIVCABLES: Universal Cables Limited
UNIVPHOTO,UNIVPHOTO: Universus Photo Imagings Limited
UNOMINDA,UNOMINDA: UNO Minda Limited
UPL,UPL: UPL Limited
URAVI,URAVI: Uravi T and Wedge Lamps Limited
URJA,URJA: Urja Global Limited
USHAMART,USHAMART: Usha Martin Limited
USK,USK: Udayshivakumar Infra Limited
UTIAMC,UTIAMC: UTI Asset Management Company Limited
UTKARSHBNK,UTKARSHBNK: Utkarsh Small Finance Bank Limited
UTTAMSUGAR,UTTAMSUGAR: Uttam Sugar Mills Limited
V2RETAIL,V2RETAIL: V2 Retail Limited
VADILALIND,VADILALIND: Vadilal Industries Limited
VAIBHAVGBL,VAIBHAVGBL: Vaibhav Global Limited
VAISHALI,VAISHALI: Vaishali Pharma Limited
VAKRANGEE,VAKRANGEE: Vakrangee Limited
VALIANTLAB,VALIANTLAB: Valiant Laboratories Limited
VALIANTORG,VALIANTORG: Valiant Organics Limited
VARDHACRLC,VARDHACRLC: Vardhman Acrylics Limited
VARDMNPOLY,VARDMNPOLY: Vardhman Polytex Limited
VARROC,VARROC: Varroc Engineering Limited
VASCONEQ,VASCONEQ: Vascon Engineers Limited
VASWANI,VASWANI: Vaswani Industries Limited
VBL,VBL: Varun Beverages Limited
VEDL,VEDL: Vedanta Limited
VENKEYS,VENKEYS: Venky's (India) Limited
VENUSPIPES,VENUSPIPES: Venus Pipes & Tubes Limited
VENUSREM,VENUSREM: Venus Remedies Limited
VERANDA,VERANDA: Veranda Learning Solutions Limited
VERTOZ,VERTOZ: Vertoz Limited
VESUVIUS,VESUVIUS: Vesuvius India Limited
VETO,VETO: Veto Switchgears And Cables Limited
VGUARD,VGUARD: V-Guard Industries Limited
VHL,VHL: Vardhman Holdings Limited
VHLTD,VHLTD: Viceroy Hotels Limited
VIDHIING,VIDHIING: Vidhi Specialty Food Ingredients Limited
VIJAYA,VIJAYA: Vijaya Diagnostic Centre Limited
VIJIFIN,VIJIFIN: Viji Finance Limited
VIKASECO,VIKASECO: Vikas EcoTech Limited
VIKASLIFE,VIKASLIFE: Vikas Lifecare Limited
VIMTALABS,VIMTALABS: Vimta Labs Limited
VINATIORGA,VINATIORGA: Vinati Organics Limited
VINDHYATEL,VINDHYATEL: Vindhya Telelinks Limited
VINEETLAB,VINEETLAB: Vineet Laboratories Limited
VINNY,VINNY: Vinny Overseas Limited
VINYLINDIA,VINYLINDIA: Vinyl Chemicals (India) Limited
VIPCLOTHNG,VIPCLOTHNG: VIP Clothing Limited
VIPIND,VIPIND: VIP Industries Limited
VIPULLTD,VIPULLTD: Vipul Limited
VIRINCHI,VIRINCHI: Virinchi Limited
VISAKAIND,VISAKAIND: Visaka Industries Limited
VISHNU,VISHNU: Vishnu Chemicals Limited
VISHWARAJ,VISHWARAJ: Vishwaraj Sugar Industries Limited
VIVIDHA,VIVIDHA: Visagar Polytex Limited
VLEGOV,VLEGOV: VL E-Governance & IT Solutions Limited
VLSFINANCE,VLSFINANCE: VLS Finance Limited
VMART,VMART: V-Mart Retail Limited
VOLTAMP,VOLTAMP: Voltamp Transformers Limited
VOLTAS,VOLTAS: Voltas Limited
VPRPL,VPRPL: Vishnu Prakash R Punglia Limited
VRAJ,VRAJ: Vraj Iron and Steel Limited
VRLLOG,VRLLOG: VRL Logistics Limited
VSSL,VSSL: Vardhman Special Steels Limited
VSTIND,VSTIND: VST Industries Limited
VSTL,VSTL: Vibhor Steel Tubes Limited
VSTTILLERS,VSTTILLERS: V.S.T Tillers Tractors Limited
VTL,VTL: Vardhman Textiles Limited
WABAG,WABAG: VA Tech Wabag Limited
WALCHANNAG,WALCHANNAG: Walchandnagar Industries Limited
WANBURY,WANBURY: Wanbury Limited
WEALTH,WEALTH: Wealth First Portfolio Managers Limited
WEBELSOLAR,WEBELSOLAR: Websol Energy System Limited
WEIZMANIND,WEIZMANIND: Weizmann Limited
WEL,WEL: Wonder Electricals Limited
WELCORP,WELCORP: Welspun Corp Limited
WELENT,WELENT: Welspun Enterprises Limited
WELINV,WELINV: Welspun Investments and Commercials Limited
WELSPUNLIV,WELSPUNLIV: Welspun Living Limited
WENDT,WENDT: Wendt (India) Limited
WESTLIFE,WESTLIFE: WESTLIFE FOODWORLD LIMITED
WEWIN,WEWIN: WE WIN LIMITED
WHEELS,WHEELS: Wheels India Limited
WHIRLPOOL,WHIRLPOOL: Whirlpool of India Limited
WILLAMAGOR,WILLAMAGOR: Williamson Magor & Company Limited
WINDLAS,WINDLAS: Windlas Biotech Limited
WINDMACHIN,WINDMACHIN: Windsor Machines Limited
WINSOME,WINSOME: Winsome Yarns Limited
WIPL,WIPL: The Western India Plywoods Limited
WIPRO,WIPRO: Wipro Limited
WOCKPHARMA,WOCKPHARMA: Wockhardt Limited
WONDERLA,WONDERLA: Wonderla Holidays Limited
WORTH,WORTH: Worth Peripherals Limited
WSI,WSI: W S Industries (I) Limited
WSTCSTPAPR,WSTCSTPAPR: West Coast Paper Mills Limited
XCHANGING,XCHANGING: Xchanging Solutions Limited
XELPMOC,XELPMOC: Xelpmoc Design And Tech Limited
XPROINDIA,XPROINDIA: Xpro India Limited
YAARI,YAARI: Yaari Digital Integrated Services Limited
YASHO,YASHO: Yasho Industries Limited
YATHARTH,YATHARTH: Yatharth Hospital & Trauma Care Services Limited
YATRA,YATRA: Yatra Online Limited
YESBANK,YESBANK: Yes Bank Limited
YUKEN,YUKEN: Yuken India Limited
ZAGGLE,ZAGGLE: Zaggle Prepaid Ocean Services Limited
ZEEL,ZEEL: Zee Entertainment Enterprises Limited
ZEELEARN,ZEELEARN: Zee Learn Limited
ZEEMEDIA,ZEEMEDIA: Zee Media Corporation Limited
ZENITHEXPO,ZENITHEXPO: Zenith Exports Limited
ZENITHSTL,ZENITHSTL: Zenith Steel Pipes & Industries Limited
ZENSARTECH,ZENSARTECH: Zensar Technologies Limited
ZENTEC,ZENTEC: Zen Technologies Limited
ZFCVINDIA,ZFCVINDIA: ZF Commercial Vehicle Control Systems India Limited
ZIMLAB,ZIMLAB: Zim Laboratories Limited
ZODIAC,ZODIAC: Zodiac Energy Limited
ZODIACLOTH,ZODIACLOTH: Zodiac Clothing Company Limited
ZOMATO,ZOMATO: Zomato Limited
ZOTA,ZOTA: Zota Health Care LImited
ZUARI,ZUARI: Zuari Agro Chemicals Limited
ZUARIIND,ZUARIIND: ZUARI INDUSTRIES LIMITED
ZYDUSLIFE,ZYDUSLIFE: Zydus Lifesciences Limited
ZYDUSWELL,ZYDUSWELL: Zydus Wellness Limited
